actual,predicted,residual,date,cis_code,model_type
0.8102444643771465,0.70884943,0.10139503429291796,2020-12-30,J06000164,STGCN_Distance_InfectionRates_Derived
0.7553561537288795,0.7724396,-0.017083445308290868,2021-01-04,J06000164,STGCN_Distance_InfectionRates_Derived
0.7210676526394177,0.7012816,0.01978604548838625,2021-01-06,J06000164,STGCN_Distance_InfectionRates_Derived
0.6953450818309042,0.6282896,0.06705550148575035,2021-01-08,J06000164,STGCN_Distance_InfectionRates_Derived
0.6799309956306911,0.6154821,0.06444890372700462,2021-01-10,J06000164,STGCN_Distance_InfectionRates_Derived
0.6720138214635206,0.6206765,0.051337303976948356,2021-01-11,J06000164,STGCN_Distance_InfectionRates_Derived
0.6557328677531578,0.6350388,0.02069407466615214,2021-01-13,J06000164,STGCN_Distance_InfectionRates_Derived
0.6370517479303897,0.6204268,0.016624973905426277,2021-01-15,J06000164,STGCN_Distance_InfectionRates_Derived
0.6156759278741519,0.60053736,0.015138568159643873,2021-01-17,J06000164,STGCN_Distance_InfectionRates_Derived
0.6045800760051196,0.5713228,0.03325727727617678,2021-01-18,J06000164,STGCN_Distance_InfectionRates_Derived
0.5814998863869362,0.56899536,0.012504529827182753,2021-01-20,J06000164,STGCN_Distance_InfectionRates_Derived
0.5631177381600103,0.5526673,0.010450418385382632,2021-01-22,J06000164,STGCN_Distance_InfectionRates_Derived
0.5501004967777158,0.52763224,0.022468260297002884,2021-01-24,J06000164,STGCN_Distance_InfectionRates_Derived
0.5298124790944243,0.5176552,0.012157285288729724,2021-01-27,J06000164,STGCN_Distance_InfectionRates_Derived
0.5095473616844207,0.49772274,0.011824616742709293,2021-01-29,J06000164,STGCN_Distance_InfectionRates_Derived
0.4816896141133346,0.48098373,0.0007058799824752326,2021-01-31,J06000164,STGCN_Distance_InfectionRates_Derived
0.4670606600895968,0.4378116,0.02924904700671105,2021-02-01,J06000164,STGCN_Distance_InfectionRates_Derived
0.4362359148370827,0.4400451,-0.0038091736925041086,2021-02-03,J06000164,STGCN_Distance_InfectionRates_Derived
0.4049932068705735,0.4195466,-0.014553397285920644,2021-02-05,J06000164,STGCN_Distance_InfectionRates_Derived
0.3734122051292261,0.38981205,-0.01639984712068232,2021-02-07,J06000164,STGCN_Distance_InfectionRates_Derived
0.356716561368972,0.36719665,-0.010480087944001015,2021-02-08,J06000164,STGCN_Distance_InfectionRates_Derived
0.3212669077300299,0.3476317,-0.026364785156322623,2021-02-10,J06000164,STGCN_Distance_InfectionRates_Derived
0.614927407347406,0.58598584,0.028941567980493188,2020-12-27,J06000165,STGCN_Distance_InfectionRates_Derived
0.6395812945996966,0.62255824,0.017023058477565245,2020-12-28,J06000165,STGCN_Distance_InfectionRates_Derived
0.6850501488942017,0.6591131,0.025937039782415794,2020-12-30,J06000165,STGCN_Distance_InfectionRates_Derived
0.6624601279856509,0.6882205,-0.025760372960394018,2021-01-03,J06000165,STGCN_Distance_InfectionRates_Derived
0.646875445540094,0.6255644,0.021311049158715845,2021-01-04,J06000165,STGCN_Distance_InfectionRates_Derived
0.6139207931617507,0.63212365,-0.018202855958580066,2021-01-06,J06000165,STGCN_Distance_InfectionRates_Derived
0.5971522694993672,0.5556001,0.041552162783211166,2021-01-08,J06000165,STGCN_Distance_InfectionRates_Derived
0.5985421170814714,0.5571557,0.0413863887413225,2021-01-10,J06000165,STGCN_Distance_InfectionRates_Derived
0.5992353764798649,0.5581078,0.04112758314871867,2021-01-11,J06000165,STGCN_Distance_InfectionRates_Derived
0.6006185841567038,0.58717287,0.013445718289089026,2021-01-13,J06000165,STGCN_Distance_InfectionRates_Derived
0.5942967895737843,0.5898742,0.004422581600304065,2021-01-15,J06000165,STGCN_Distance_InfectionRates_Derived
0.5799242519728092,0.58045393,-0.0005296803124996696,2021-01-17,J06000165,STGCN_Distance_InfectionRates_Derived
0.5725555894466202,0.5517758,0.02077977634389805,2021-01-18,J06000165,STGCN_Distance_InfectionRates_Derived
0.5574322418557339,0.5440365,0.013395734249227575,2021-01-20,J06000165,STGCN_Distance_InfectionRates_Derived
0.5438623943803287,0.53776944,0.006092957544086008,2021-01-22,J06000165,STGCN_Distance_InfectionRates_Derived
0.5320122426098646,0.51804125,0.013970989519959787,2021-01-24,J06000165,STGCN_Distance_InfectionRates_Derived
0.5259636651872857,0.49865925,0.027304412066863293,2021-01-25,J06000165,STGCN_Distance_InfectionRates_Derived
0.5136077664390873,0.5008615,0.012746240903503847,2021-01-27,J06000165,STGCN_Distance_InfectionRates_Derived
0.4866891058814729,0.49738967,-0.010700568305233638,2021-01-29,J06000165,STGCN_Distance_InfectionRates_Derived
0.4422888256792268,0.45641217,-0.014123340677813623,2021-01-31,J06000165,STGCN_Distance_InfectionRates_Derived
0.4182616241895357,0.4139408,0.004320836874167067,2021-02-01,J06000165,STGCN_Distance_InfectionRates_Derived
0.3658093420185211,0.3984445,-0.03263516152724,2021-02-03,J06000165,STGCN_Distance_InfectionRates_Derived
0.3227623107485781,0.3729229,-0.0501605865902891,2021-02-05,J06000165,STGCN_Distance_InfectionRates_Derived
0.2928076311881012,0.32322702,-0.03041938692980345,2021-02-07,J06000165,STGCN_Distance_InfectionRates_Derived
0.2770181104972238,0.28336465,-0.006346543090117507,2021-02-08,J06000165,STGCN_Distance_InfectionRates_Derived
0.2436049869649067,0.25660372,-0.012998730839048372,2021-02-10,J06000165,STGCN_Distance_InfectionRates_Derived
0.6706075354219979,0.67168224,-0.0010747031567984733,2020-12-27,J06000166,STGCN_Distance_InfectionRates_Derived
0.6740182866021238,0.66057485,0.013443433181866249,2020-12-28,J06000166,STGCN_Distance_InfectionRates_Derived
0.6807604662956743,0.66399795,0.016762518125966075,2020-12-30,J06000166,STGCN_Distance_InfectionRates_Derived
0.6399977617326038,0.6783701,-0.03837235640857051,2021-01-03,J06000166,STGCN_Distance_InfectionRates_Derived
0.6242450950354904,0.57854134,0.04570375659173431,2021-01-04,J06000166,STGCN_Distance_InfectionRates_Derived
0.5909145101797348,0.6084862,-0.017571665357374533,2021-01-06,J06000166,STGCN_Distance_InfectionRates_Derived
0.5773957134140658,0.53544724,0.04194847353827236,2021-01-08,J06000166,STGCN_Distance_InfectionRates_Derived
0.5855933231433581,0.5420473,0.043546001346940866,2021-01-10,J06000166,STGCN_Distance_InfectionRates_Derived
0.5896348230062598,0.547548,0.042086826962100865,2021-01-11,J06000166,STGCN_Distance_InfectionRates_Derived
0.5976067137630572,0.58428365,0.013323063841639948,2021-01-13,J06000166,STGCN_Distance_InfectionRates_Derived
0.5901725807426282,0.59220624,-0.002033658957689144,2021-01-15,J06000166,STGCN_Distance_InfectionRates_Derived
0.5665075716809425,0.5795373,-0.013029700772365649,2021-01-17,J06000166,STGCN_Distance_InfectionRates_Derived
0.5541732440380283,0.5396637,0.014509571590823667,2021-01-18,J06000166,STGCN_Distance_InfectionRates_Derived
0.5284011589576046,0.524478,0.00392314067376065,2021-01-20,J06000166,STGCN_Distance_InfectionRates_Derived
0.5087449012722086,0.5089194,-0.00017451658591516317,2021-01-22,J06000166,STGCN_Distance_InfectionRates_Derived
0.4961291832929284,0.48370874,0.012420444012227694,2021-01-24,J06000166,STGCN_Distance_InfectionRates_Derived
0.4896811819909404,0.46396804,0.025713143431980445,2021-01-25,J06000166,STGCN_Distance_InfectionRates_Derived
0.4764906696287976,0.4717701,0.004720561882673335,2021-01-27,J06000166,STGCN_Distance_InfectionRates_Derived
0.4564431907958666,0.46418828,-0.007745086925538436,2021-01-29,J06000166,STGCN_Distance_InfectionRates_Derived
0.4285576100931103,0.43625873,-0.007701123179442215,2021-01-31,J06000166,STGCN_Distance_InfectionRates_Derived
0.4139133084729526,0.40521735,0.008695958943686244,2021-02-01,J06000166,STGCN_Distance_InfectionRates_Derived
0.3830544793597882,0.40103287,-0.01797838568766663,2021-02-03,J06000166,STGCN_Distance_InfectionRates_Derived
0.3492534913706549,0.37740177,-0.028148277790569443,2021-02-05,J06000166,STGCN_Distance_InfectionRates_Derived
0.3119654333153339,0.340633,-0.02866757158845945,2021-02-07,J06000166,STGCN_Distance_InfectionRates_Derived
0.2920477900859922,0.31286514,-0.020817347967901856,2021-02-08,J06000166,STGCN_Distance_InfectionRates_Derived
0.2492430956907811,0.27901542,-0.02977232617658951,2021-02-10,J06000166,STGCN_Distance_InfectionRates_Derived
0.4726808481651375,0.4983579,-0.025677043871300487,2020-12-28,J06000167,STGCN_Distance_InfectionRates_Derived
0.4514260967516766,0.49398947,-0.042563370869173,2021-01-03,J06000167,STGCN_Distance_InfectionRates_Derived
0.4517815776112737,0.43983173,0.011949843907660407,2021-01-04,J06000167,STGCN_Distance_InfectionRates_Derived
0.4524916676096631,0.45374656,-0.0012548896260546893,2021-01-06,J06000167,STGCN_Distance_InfectionRates_Derived
0.4654153461991568,0.45468116,0.010734188133360911,2021-01-08,J06000167,STGCN_Distance_InfectionRates_Derived
0.4895121586661974,0.47617728,0.013334883485380755,2021-01-10,J06000167,STGCN_Distance_InfectionRates_Derived
0.5010770518247659,0.49176753,0.00930952615185332,2021-01-11,J06000167,STGCN_Distance_InfectionRates_Derived
0.5233220329119704,0.51176697,0.011555062754347145,2021-01-13,J06000167,STGCN_Distance_InfectionRates_Derived
0.5250312423853077,0.52944493,-0.004413690552314331,2021-01-15,J06000167,STGCN_Distance_InfectionRates_Derived
0.5064514082183861,0.5253829,-0.01893146817779312,2021-01-17,J06000167,STGCN_Distance_InfectionRates_Derived
0.4968546530374272,0.4937917,0.003062953627942344,2021-01-18,J06000167,STGCN_Distance_InfectionRates_Derived
0.4770005225328267,0.46596175,0.011038768210774708,2021-01-20,J06000167,STGCN_Distance_InfectionRates_Derived
0.4552585279382028,0.4582975,-0.0030389631354055813,2021-01-22,J06000167,STGCN_Distance_InfectionRates_Derived
0.431381014014471,0.4319191,-0.000538083885919638,2021-01-24,J06000167,STGCN_Distance_InfectionRates_Derived
0.418931207586264,0.40412647,0.014804742265676851,2021-01-25,J06000167,STGCN_Distance_InfectionRates_Derived
0.3929068775604606,0.39313257,-0.00022568984524007352,2021-01-27,J06000167,STGCN_Distance_InfectionRates_Derived
0.3565684187569275,0.42356026,-0.06699184296945188,2021-01-31,J06000167,STGCN_Distance_InfectionRates_Derived
0.348724077197201,0.3419995,0.0067245762072870585,2021-02-01,J06000167,STGCN_Distance_InfectionRates_Derived
0.3325970950709179,0.36420003,-0.03160293072597237,2021-02-03,J06000167,STGCN_Distance_InfectionRates_Derived
0.3087089704131489,0.32937992,-0.0206709457779522,2021-02-05,J06000167,STGCN_Distance_InfectionRates_Derived
0.2757326788670642,0.30130762,-0.025574939750947268,2021-02-07,J06000167,STGCN_Distance_InfectionRates_Derived
0.2582554079188368,0.24703726,0.011218146194364731,2021-02-08,J06000167,STGCN_Distance_InfectionRates_Derived
0.2210378878215493,0.22286019,-0.0018222994705497098,2021-02-10,J06000167,STGCN_Distance_InfectionRates_Derived
0.7679165662708066,0.7365888,0.03132779015920384,2020-12-27,J06000168,STGCN_Distance_InfectionRates_Derived
0.77567928004805,0.7476194,0.02805988956037908,2020-12-28,J06000168,STGCN_Distance_InfectionRates_Derived
0.7908004526437211,0.7683141,0.022486329490034596,2020-12-30,J06000168,STGCN_Distance_InfectionRates_Derived
0.8248766800190309,0.7780741,0.046802594306598055,2021-01-03,J06000168,STGCN_Distance_InfectionRates_Derived
0.8334265988892676,0.813078,0.02034861264888066,2021-01-04,J06000168,STGCN_Distance_InfectionRates_Derived
0.8500374597763745,0.7937486,0.05628884260413325,2021-01-06,J06000168,STGCN_Distance_InfectionRates_Derived
0.836544683990353,0.8248204,0.011724284705990184,2021-01-08,J06000168,STGCN_Distance_InfectionRates_Derived
0.7899072402708305,0.80285764,-0.012950397134565028,2021-01-10,J06000168,STGCN_Distance_InfectionRates_Derived
0.7645652029568943,0.7240035,0.04056170917103619,2021-01-11,J06000168,STGCN_Distance_InfectionRates_Derived
0.7089607209787174,0.69415486,0.014805862389545066,2021-01-13,J06000168,STGCN_Distance_InfectionRates_Derived
0.6583081643220976,0.6600705,-0.001762314594070613,2021-01-15,J06000168,STGCN_Distance_InfectionRates_Derived
0.6154735620412913,0.6132989,0.0021746690664378177,2021-01-17,J06000168,STGCN_Distance_InfectionRates_Derived
0.5923601798383085,0.580134,0.012226205286153924,2021-01-18,J06000168,STGCN_Distance_InfectionRates_Derived
0.5420797315296592,0.5623758,-0.020296052390628927,2021-01-20,J06000168,STGCN_Distance_InfectionRates_Derived
0.501958720988765,0.52555406,-0.023595339947209082,2021-01-22,J06000168,STGCN_Distance_InfectionRates_Derived
0.4755738540164173,0.48226887,-0.006695015860444298,2021-01-24,J06000168,STGCN_Distance_InfectionRates_Derived
0.4617548961420232,0.45312083,0.008634068467157474,2021-01-25,J06000168,STGCN_Distance_InfectionRates_Derived
0.4327234995437143,0.44038555,-0.007662050716829516,2021-01-27,J06000168,STGCN_Distance_InfectionRates_Derived
0.4272361103546733,0.41440588,0.012830227996122268,2021-01-29,J06000168,STGCN_Distance_InfectionRates_Derived
0.4461780343019872,0.41384232,0.03233571385978751,2021-01-31,J06000168,STGCN_Distance_InfectionRates_Derived
0.4553479329797487,0.43635768,0.018990255996869043,2021-02-01,J06000168,STGCN_Distance_InfectionRates_Derived
0.473126551723967,0.48336655,-0.010239997291078162,2021-02-03,J06000168,STGCN_Distance_InfectionRates_Derived
0.4562551781397737,0.4932925,-0.03703733236971729,2021-02-05,J06000168,STGCN_Distance_InfectionRates_Derived
0.4002818616882346,0.46000102,-0.05971915993537685,2021-02-07,J06000168,STGCN_Distance_InfectionRates_Derived
0.3693347649401651,0.38445568,-0.015120915907002874,2021-02-08,J06000168,STGCN_Distance_InfectionRates_Derived
0.2999184959589957,0.358617,-0.058698511773395634,2021-02-10,J06000168,STGCN_Distance_InfectionRates_Derived
0.6311517547557055,0.64918333,-0.018031578164368955,2020-12-27,J06000169,STGCN_Distance_InfectionRates_Derived
0.6268040103134644,0.61947334,0.007330672186328213,2020-12-28,J06000169,STGCN_Distance_InfectionRates_Derived
0.6179757251042354,0.6044831,0.013492597510241233,2020-12-30,J06000169,STGCN_Distance_InfectionRates_Derived
0.5738114348262499,0.62283784,-0.04902640668452285,2021-01-03,J06000169,STGCN_Distance_InfectionRates_Derived
0.5597353281793727,0.5187555,0.04097983263112437,2021-01-04,J06000169,STGCN_Distance_InfectionRates_Derived
0.5301357627047326,0.54983675,-0.019700992094156544,2021-01-06,J06000169,STGCN_Distance_InfectionRates_Derived
0.5300592682979136,0.48458314,0.045476128878357946,2021-01-08,J06000169,STGCN_Distance_InfectionRates_Derived
0.5595209303824894,0.50553924,0.053981691929578024,2021-01-10,J06000169,STGCN_Distance_InfectionRates_Derived
0.5735346679386586,0.5399685,0.033566177338072656,2021-01-11,J06000169,STGCN_Distance_InfectionRates_Derived
0.6002744259054285,0.59120446,0.009069961469851062,2021-01-13,J06000169,STGCN_Distance_InfectionRates_Derived
0.601460462005314,0.60290587,-0.0014454074786337534,2021-01-15,J06000169,STGCN_Distance_InfectionRates_Derived
0.577307472476998,0.60065836,-0.023350884666404115,2021-01-17,J06000169,STGCN_Distance_InfectionRates_Derived
0.564707837999041,0.5591126,0.0055952295662712315,2021-01-18,J06000169,STGCN_Distance_InfectionRates_Derived
0.5383559139561692,0.52899116,0.009364751179222197,2021-01-20,J06000169,STGCN_Distance_InfectionRates_Derived
0.5105675580526999,0.5131434,-0.0025758621667214543,2021-01-22,J06000169,STGCN_Distance_InfectionRates_Derived
0.4811639654869168,0.47689545,0.004268513941201479,2021-01-24,J06000169,STGCN_Distance_InfectionRates_Derived
0.4656802929892266,0.44555902,0.02012126817843557,2021-01-25,J06000169,STGCN_Distance_InfectionRates_Derived
0.432951464590508,0.43387693,-0.0009254670768198969,2021-01-27,J06000169,STGCN_Distance_InfectionRates_Derived
0.4051924362806234,0.41330254,-0.008110104498490367,2021-01-29,J06000169,STGCN_Distance_InfectionRates_Derived
0.3835695855770977,0.38636518,-0.002795589670094689,2021-01-31,J06000169,STGCN_Distance_InfectionRates_Derived
0.3723405710015862,0.36950663,0.0028339436803428986,2021-02-01,J06000169,STGCN_Distance_InfectionRates_Derived
0.3489721114414567,0.36237043,-0.013398319981730578,2021-02-03,J06000169,STGCN_Distance_InfectionRates_Derived
0.3206246322457803,0.34397992,-0.023355292671440764,2021-02-05,J06000169,STGCN_Distance_InfectionRates_Derived
0.286348718119814,0.3124161,-0.026067388342664644,2021-02-07,J06000169,STGCN_Distance_InfectionRates_Derived
0.2681398761021779,0.28230137,-0.014161490227015239,2021-02-08,J06000169,STGCN_Distance_InfectionRates_Derived
0.2292582578863666,0.24742523,-0.01816697047094845,2021-02-10,J06000169,STGCN_Distance_InfectionRates_Derived
0.662694073279053,0.65714353,0.005550540049225172,2020-12-30,J06000170,STGCN_Distance_InfectionRates_Derived
0.6301031973414588,0.64498365,-0.014880451912386405,2021-01-03,J06000170,STGCN_Distance_InfectionRates_Derived
0.6206067829603968,0.5443513,0.07625550322483166,2021-01-04,J06000170,STGCN_Distance_InfectionRates_Derived
0.6009673370714927,0.586819,0.014148343979909495,2021-01-06,J06000170,STGCN_Distance_InfectionRates_Derived
0.5890405275571339,0.54260176,0.046438763355015955,2021-01-08,J06000170,STGCN_Distance_InfectionRates_Derived
0.5854915415264432,0.53605336,0.04943818201792882,2021-01-10,J06000170,STGCN_Distance_InfectionRates_Derived
0.5837061132689424,0.5295303,0.054175826480001965,2021-01-11,J06000170,STGCN_Distance_InfectionRates_Derived
0.580113084493155,0.54160416,0.03850892323064281,2021-01-13,J06000170,STGCN_Distance_InfectionRates_Derived
0.5708738667226888,0.5421748,0.02869905059109701,2021-01-15,J06000170,STGCN_Distance_InfectionRates_Derived
0.5556181463164336,0.53417754,0.021440604583645495,2021-01-17,J06000170,STGCN_Distance_InfectionRates_Derived
0.5477845019991735,0.5153936,0.03239088723019157,2021-01-18,J06000170,STGCN_Distance_InfectionRates_Derived
0.5316801275793996,0.510937,0.020743152100273665,2021-01-20,J06000170,STGCN_Distance_InfectionRates_Derived
0.5239245184931574,0.50409734,0.01982717600200745,2021-01-22,J06000170,STGCN_Distance_InfectionRates_Derived
0.5249750112979169,0.4935938,0.03138119930908634,2021-01-24,J06000170,STGCN_Distance_InfectionRates_Derived
0.5254993063654799,0.4933015,0.03219779555462787,2021-01-25,J06000170,STGCN_Distance_InfectionRates_Derived
0.5265460014721625,0.50218993,0.024356067218469835,2021-01-27,J06000170,STGCN_Distance_InfectionRates_Derived
0.515570955195345,0.50518167,0.010389285006441207,2021-01-29,J06000170,STGCN_Distance_InfectionRates_Derived
0.4916205379256436,0.48496243,0.006658104349059724,2021-01-31,J06000170,STGCN_Distance_InfectionRates_Derived
0.479131094471909,0.45151702,0.027614078776337092,2021-02-01,J06000170,STGCN_Distance_InfectionRates_Derived
0.4530201344447019,0.43641907,0.016601064677703614,2021-02-03,J06000170,STGCN_Distance_InfectionRates_Derived
0.4187830505652904,0.42110974,-0.002326685400438344,2021-02-05,J06000170,STGCN_Distance_InfectionRates_Derived
0.3744711379242329,0.3871638,-0.012692650155982532,2021-02-07,J06000170,STGCN_Distance_InfectionRates_Derived
0.3504956518852882,0.35743457,-0.006938918904048963,2021-02-08,J06000170,STGCN_Distance_InfectionRates_Derived
0.2981666922010043,0.32777965,-0.029612958487167107,2021-02-10,J06000170,STGCN_Distance_InfectionRates_Derived
0.4985818762310559,0.48955053,0.009031345320563933,2020-12-27,J06000171,STGCN_Distance_InfectionRates_Derived
0.5149327581814342,0.5050799,0.00985283312116203,2020-12-28,J06000171,STGCN_Distance_InfectionRates_Derived
0.5458960939299656,0.52946526,0.016430835808475153,2020-12-30,J06000171,STGCN_Distance_InfectionRates_Derived
0.569582415385121,0.55957747,0.010004950327747952,2021-01-03,J06000171,STGCN_Distance_InfectionRates_Derived
0.5725398103234188,0.57571197,-0.0031721552374942563,2021-01-04,J06000171,STGCN_Distance_InfectionRates_Derived
0.578394860864279,0.5626726,0.015722245813009517,2021-01-06,J06000171,STGCN_Distance_InfectionRates_Derived
0.6001089582922458,0.5730172,0.027091778326272853,2021-01-08,J06000171,STGCN_Distance_InfectionRates_Derived
0.6354587179260631,0.60835445,0.02710426865390736,2021-01-10,J06000171,STGCN_Distance_InfectionRates_Derived
0.6521100583704226,0.62881124,0.023298818174194547,2021-01-11,J06000171,STGCN_Distance_InfectionRates_Derived
0.6836117640932575,0.65970176,0.023909999509669877,2021-01-13,J06000171,STGCN_Distance_InfectionRates_Derived
0.6938313423593331,0.68261325,0.011218088765888257,2021-01-15,J06000171,STGCN_Distance_InfectionRates_Derived
0.6842472601338663,0.6912969,-0.007049615342970883,2021-01-17,J06000171,STGCN_Distance_InfectionRates_Derived
0.6793747204922124,0.6678666,0.011508132853357389,2021-01-18,J06000171,STGCN_Distance_InfectionRates_Derived
0.6694625079847931,0.65345055,0.016011959335958892,2021-01-20,J06000171,STGCN_Distance_InfectionRates_Derived
0.6450168787791289,0.6510231,-0.006006211106582726,2021-01-22,J06000171,STGCN_Distance_InfectionRates_Derived
0.6033982062136996,0.6107359,-0.007337687035812168,2021-01-24,J06000171,STGCN_Distance_InfectionRates_Derived
0.580990922919898,0.5514156,0.029575300685553474,2021-01-25,J06000171,STGCN_Distance_InfectionRates_Derived
0.5323781145144846,0.5343436,-0.0019654857586477448,2021-01-27,J06000171,STGCN_Distance_InfectionRates_Derived
0.4945019582152453,0.50413764,-0.009635677015772781,2021-01-29,J06000171,STGCN_Distance_InfectionRates_Derived
0.4708406446653799,0.46734595,0.0034946916777089942,2021-01-31,J06000171,STGCN_Distance_InfectionRates_Derived
0.4585083244555866,0.4435383,0.014970016311970868,2021-02-01,J06000171,STGCN_Distance_InfectionRates_Derived
0.432740622403702,0.44481468,-0.012074059603133958,2021-02-03,J06000171,STGCN_Distance_InfectionRates_Derived
0.4013509056577906,0.42746654,-0.026115635870911202,2021-02-05,J06000171,STGCN_Distance_InfectionRates_Derived
0.3631526744185321,0.38863206,-0.025479384678757933,2021-02-07,J06000171,STGCN_Distance_InfectionRates_Derived
0.3427150173657369,0.35762423,-0.014909215403275555,2021-02-08,J06000171,STGCN_Distance_InfectionRates_Derived
0.2987063156727556,0.3373518,-0.038645483338474895,2021-02-10,J06000171,STGCN_Distance_InfectionRates_Derived
0.7566906770572717,0.73214334,0.024547334562307066,2020-12-27,J06000172,STGCN_Distance_InfectionRates_Derived
0.7704711486780493,0.7442496,0.02622156638739992,2020-12-28,J06000172,STGCN_Distance_InfectionRates_Derived
0.7967858400496987,0.7653143,0.03147155906291277,2020-12-30,J06000172,STGCN_Distance_InfectionRates_Derived
0.7760323914517069,0.7826998,-0.006667431927809719,2021-01-03,J06000172,STGCN_Distance_InfectionRates_Derived
0.7643264180227091,0.7204618,0.04386463222940462,2021-01-04,J06000172,STGCN_Distance_InfectionRates_Derived
0.7399231399433298,0.72516865,0.01475449456140232,2021-01-06,J06000172,STGCN_Distance_InfectionRates_Derived
0.7283496450184009,0.6700003,0.05834933030587652,2021-01-08,J06000172,STGCN_Distance_InfectionRates_Derived
0.7306651448290111,0.6764986,0.0541665529291393,2021-01-10,J06000172,STGCN_Distance_InfectionRates_Derived
0.7318182816042874,0.67558753,0.05623074669980743,2021-01-11,J06000172,STGCN_Distance_InfectionRates_Derived
0.7341154101937487,0.6969007,0.03721468482906365,2021-01-13,J06000172,STGCN_Distance_InfectionRates_Derived
0.7175455820119762,0.70169044,0.01585514660243026,2021-01-15,J06000172,STGCN_Distance_InfectionRates_Derived
0.6797909165599897,0.6763522,0.0034387136676862218,2021-01-17,J06000172,STGCN_Distance_InfectionRates_Derived
0.6596068981053985,0.6236083,0.035998606956259116,2021-01-18,J06000172,STGCN_Distance_InfectionRates_Derived
0.6161860523707502,0.6032896,0.012896448183738474,2021-01-20,J06000172,STGCN_Distance_InfectionRates_Derived
0.5786790850464878,0.57790816,0.0007709267441806666,2021-01-22,J06000172,STGCN_Distance_InfectionRates_Derived
0.5491327610920305,0.5325865,0.01654624614223188,2021-01-24,J06000172,STGCN_Distance_InfectionRates_Derived
0.5335699318896785,0.5009415,0.032628416920806425,2021-01-25,J06000172,STGCN_Distance_InfectionRates_Derived
0.5006641503584784,0.48857868,0.012085473181049244,2021-01-27,J06000172,STGCN_Distance_InfectionRates_Derived
0.4796792014252871,0.46186993,0.01780927616474326,2021-01-29,J06000172,STGCN_Distance_InfectionRates_Derived
0.4724965366475496,0.44120467,0.03129186955617996,2021-01-31,J06000172,STGCN_Distance_InfectionRates_Derived
0.4688601604718175,0.43848005,0.03038011110009814,2021-02-01,J06000172,STGCN_Distance_InfectionRates_Derived
0.4614947704951813,0.4567817,0.004713085142855844,2021-02-03,J06000172,STGCN_Distance_InfectionRates_Derived
0.4520581843301373,0.4554931,-0.003434908206788989,2021-02-05,J06000172,STGCN_Distance_InfectionRates_Derived
0.4404151630494177,0.43958947,0.0008256924244939845,2021-02-07,J06000172,STGCN_Distance_InfectionRates_Derived
0.43447446918496,0.41733527,0.017139197349632873,2021-02-08,J06000172,STGCN_Distance_InfectionRates_Derived
0.4223435915543367,0.41481048,0.007533112867050329,2021-02-10,J06000172,STGCN_Distance_InfectionRates_Derived
0.6457713342901205,0.63672394,0.009047398686024999,2020-12-27,J06000173,STGCN_Distance_InfectionRates_Derived
0.6624079957301577,0.65036994,0.0120380535418948,2020-12-28,J06000173,STGCN_Distance_InfectionRates_Derived
0.6938834233490369,0.6716615,0.022221927186622303,2020-12-30,J06000173,STGCN_Distance_InfectionRates_Derived
0.6437767367762922,0.6947435,-0.05096677728468191,2021-01-03,J06000173,STGCN_Distance_InfectionRates_Derived
0.6197406485528416,0.5849606,0.03478006868071026,2021-01-04,J06000173,STGCN_Distance_InfectionRates_Derived
0.5672671697581158,0.6078885,-0.04062135000583078,2021-01-06,J06000173,STGCN_Distance_InfectionRates_Derived
0.5504665078404882,0.509168,0.041298479009006295,2021-01-08,J06000173,STGCN_Distance_InfectionRates_Derived
0.5735570127737092,0.5203414,0.053215616441922076,2021-01-10,J06000173,STGCN_Distance_InfectionRates_Derived
0.5846576319036124,0.5348765,0.049781106501543326,2021-01-11,J06000173,STGCN_Distance_InfectionRates_Derived
0.6060422994570552,0.598466,0.007576320357781552,2021-01-13,J06000173,STGCN_Distance_InfectionRates_Derived
0.5998450335299149,0.61089873,-0.011053699609123169,2021-01-15,J06000173,STGCN_Distance_InfectionRates_Derived
0.5648198906521809,0.5984041,-0.03358421882581597,2021-01-17,J06000173,STGCN_Distance_InfectionRates_Derived
0.5461877415858517,0.5394941,0.006693644353033101,2021-01-18,J06000173,STGCN_Distance_InfectionRates_Derived
0.5063390240304156,0.5146049,-0.008265902078898324,2021-01-20,J06000173,STGCN_Distance_InfectionRates_Derived
0.477710216725138,0.4946387,-0.016928494488927526,2021-01-22,J06000173,STGCN_Distance_InfectionRates_Derived
0.4628497798995964,0.4599351,0.002914681013106546,2021-01-24,J06000173,STGCN_Distance_InfectionRates_Derived
0.4552244245984809,0.43495205,0.020272374151016903,2021-01-25,J06000173,STGCN_Distance_InfectionRates_Derived
0.4395599059515446,0.43739045,0.002169459288641762,2021-01-27,J06000173,STGCN_Distance_InfectionRates_Derived
0.4193704837768075,0.42898434,-0.009613860228777193,2021-01-29,J06000173,STGCN_Distance_InfectionRates_Derived
0.3940222580384892,0.40524048,-0.011218218092949983,2021-01-31,J06000173,STGCN_Distance_InfectionRates_Derived
0.3807708451456887,0.37602934,0.004741502732740099,2021-02-01,J06000173,STGCN_Distance_InfectionRates_Derived
0.3529896259877777,0.37675846,-0.023768830242385852,2021-02-03,J06000173,STGCN_Distance_InfectionRates_Derived
0.3244204873084331,0.3539074,-0.02948691902167555,2021-02-05,J06000173,STGCN_Distance_InfectionRates_Derived
0.2950281449934175,0.3156708,-0.020642643294698948,2021-02-07,J06000173,STGCN_Distance_InfectionRates_Derived
0.2795507099981668,0.28456104,-0.005010328019106169,2021-02-08,J06000173,STGCN_Distance_InfectionRates_Derived
0.2468358209691481,0.2578406,-0.01100478262086349,2021-02-10,J06000173,STGCN_Distance_InfectionRates_Derived
0.5516645058859693,0.55940855,-0.00774403960811032,2020-12-27,J06000174,STGCN_Distance_InfectionRates_Derived
0.555497202100229,0.55041915,0.005078050317239513,2020-12-28,J06000174,STGCN_Distance_InfectionRates_Derived
0.5630625911915277,0.55575794,0.0073046513760064435,2020-12-30,J06000174,STGCN_Distance_InfectionRates_Derived
0.5470574885345519,0.57410336,-0.027045866873162905,2021-01-03,J06000174,STGCN_Distance_InfectionRates_Derived
0.5402733114405421,0.5204129,0.01986038953502456,2021-01-04,J06000174,STGCN_Distance_InfectionRates_Derived
0.5263785032027886,0.53322977,-0.006851265073426038,2021-01-06,J06000174,STGCN_Distance_InfectionRates_Derived
0.5267713565668697,0.49818707,0.028584291442357967,2021-01-08,J06000174,STGCN_Distance_InfectionRates_Derived
0.5414137791823911,0.512652,0.028761799259142795,2021-01-10,J06000174,STGCN_Distance_InfectionRates_Derived
0.5485539291560074,0.5230308,0.025523111647309915,2021-01-11,J06000174,STGCN_Distance_InfectionRates_Derived
0.5624914253238104,0.55542535,0.007066079426135796,2021-01-13,J06000174,STGCN_Distance_InfectionRates_Derived
0.5558436866515409,0.5639975,-0.008153820443795978,2021-01-15,J06000174,STGCN_Distance_InfectionRates_Derived
0.5276206305504472,0.5500126,-0.022391957950529395,2021-01-17,J06000174,STGCN_Distance_InfectionRates_Derived
0.5127901185634092,0.5052361,0.007554029333825429,2021-01-18,J06000174,STGCN_Distance_InfectionRates_Derived
0.4815174451326175,0.48625314,-0.004735697224255042,2021-01-20,J06000174,STGCN_Distance_InfectionRates_Derived
0.4560300291701065,0.47046986,-0.014439833052565021,2021-01-22,J06000174,STGCN_Distance_InfectionRates_Derived
0.4375271842037156,0.43754044,-1.3257547764489175e-05,2021-01-24,J06000174,STGCN_Distance_InfectionRates_Derived
0.4279714983297599,0.41481924,0.013152257759691532,2021-01-25,J06000174,STGCN_Distance_InfectionRates_Derived
0.4082052566740466,0.41226876,-0.004063501146082782,2021-01-27,J06000174,STGCN_Distance_InfectionRates_Derived
0.3894854673742144,0.39610648,-0.006621014177909612,2021-01-29,J06000174,STGCN_Distance_InfectionRates_Derived
0.3719933987496913,0.377294,-0.005300605213779175,2021-01-31,J06000174,STGCN_Distance_InfectionRates_Derived
0.3629758701399831,0.35834137,0.004634504087355551,2021-02-01,J06000174,STGCN_Distance_InfectionRates_Derived
0.344358885923968,0.36169642,-0.017337536176099122,2021-02-03,J06000174,STGCN_Distance_InfectionRates_Derived
0.3241502607370728,0.3467872,-0.02263695354210199,2021-02-05,J06000174,STGCN_Distance_InfectionRates_Derived
0.3021581765433421,0.31458318,-0.012425005791557808,2021-02-07,J06000174,STGCN_Distance_InfectionRates_Derived
0.2907299078946024,0.29269144,-0.0019615314955800933,2021-02-08,J06000174,STGCN_Distance_InfectionRates_Derived
0.2669295811309162,0.27612075,-0.009191170965259954,2021-02-10,J06000174,STGCN_Distance_InfectionRates_Derived
0.63240798854932,0.63312376,-0.0007157669056970795,2020-12-28,J06000175,STGCN_Distance_InfectionRates_Derived
0.5578921951162369,0.62300754,-0.06511534081821135,2021-01-03,J06000175,STGCN_Distance_InfectionRates_Derived
0.5388745990048021,0.51680344,0.02207115557294781,2021-01-04,J06000175,STGCN_Distance_InfectionRates_Derived
0.4981425780586503,0.5178912,-0.019748650140354818,2021-01-06,J06000175,STGCN_Distance_InfectionRates_Derived
0.4862215696846198,0.45133072,0.03489084830629341,2021-01-08,J06000175,STGCN_Distance_InfectionRates_Derived
0.5055064103568766,0.45836052,0.04714588737141823,2021-01-10,J06000175,STGCN_Distance_InfectionRates_Derived
0.5148369273587958,0.47674757,0.03808935493676824,2021-01-11,J06000175,STGCN_Distance_InfectionRates_Derived
0.5329172947828937,0.5255895,0.007327769083278257,2021-01-13,J06000175,STGCN_Distance_InfectionRates_Derived
0.5474874694834285,0.5375209,0.009966584015899227,2021-01-15,J06000175,STGCN_Distance_InfectionRates_Derived
0.5588690649772443,0.5550411,0.003827990224436695,2021-01-17,J06000175,STGCN_Distance_InfectionRates_Derived
0.5644499279792572,0.55917233,0.0052775956924224765,2021-01-18,J06000175,STGCN_Distance_InfectionRates_Derived
0.5754010059035829,0.56401217,0.011388836065631236,2021-01-20,J06000175,STGCN_Distance_InfectionRates_Derived
0.5677374568709753,0.58208257,-0.01434511272817629,2021-01-22,J06000175,STGCN_Distance_InfectionRates_Derived
0.5404266421727933,0.56391174,-0.02348509383871178,2021-01-24,J06000175,STGCN_Distance_InfectionRates_Derived
0.5260989656135892,0.5115307,0.014568268267855511,2021-01-25,J06000175,STGCN_Distance_InfectionRates_Derived
0.4959425112256387,0.48545748,0.010485031271872836,2021-01-27,J06000175,STGCN_Distance_InfectionRates_Derived
0.4355608167862133,0.51101375,-0.0754529294753834,2021-01-31,J06000175,STGCN_Distance_InfectionRates_Derived
0.4196607291189229,0.40270478,0.01695595378551834,2021-02-01,J06000175,STGCN_Distance_InfectionRates_Derived
0.3859998421399852,0.42656156,-0.0405617220670918,2021-02-03,J06000175,STGCN_Distance_InfectionRates_Derived
0.3530540290670904,0.36569417,-0.012640136162706983,2021-02-05,J06000175,STGCN_Distance_InfectionRates_Derived
0.3212179545784104,0.35148925,-0.030271291313160642,2021-02-07,J06000175,STGCN_Distance_InfectionRates_Derived
0.3043797140939772,0.31147677,-0.007097052969163686,2021-02-08,J06000175,STGCN_Distance_InfectionRates_Derived
0.2686083116025899,0.2850156,-0.016407301238062555,2021-02-10,J06000175,STGCN_Distance_InfectionRates_Derived
0.7191077882160659,0.71500355,0.004104238163423091,2020-12-27,J06000176,STGCN_Distance_InfectionRates_Derived
0.7243419986704733,0.7065462,0.01779581126965546,2020-12-28,J06000176,STGCN_Distance_InfectionRates_Derived
0.7346248867962498,0.7149335,0.019691372201218083,2020-12-30,J06000176,STGCN_Distance_InfectionRates_Derived
0.7732234369634384,0.72722983,0.04599360336053315,2021-01-03,J06000176,STGCN_Distance_InfectionRates_Derived
0.7838536222390539,0.7713787,0.012474926274240627,2021-01-04,J06000176,STGCN_Distance_InfectionRates_Derived
0.8043638787226088,0.75057805,0.0537858328775771,2021-01-06,J06000176,STGCN_Distance_InfectionRates_Derived
0.8278100937495388,0.78931475,0.03849534689284939,2021-01-08,J06000176,STGCN_Distance_InfectionRates_Derived
0.8536918408463302,0.8183546,0.03533723421791224,2021-01-10,J06000176,STGCN_Distance_InfectionRates_Derived
0.8660763842308248,0.82614666,0.03992972199556477,2021-01-11,J06000176,STGCN_Distance_InfectionRates_Derived
0.8898338203692849,0.8541165,0.03571732094530422,2021-01-13,J06000176,STGCN_Distance_InfectionRates_Derived
0.8733033350856562,0.8740391,-0.000735778435919765,2021-01-15,J06000176,STGCN_Distance_InfectionRates_Derived
0.8113762613976622,0.84313095,-0.031754684761700624,2021-01-17,J06000176,STGCN_Distance_InfectionRates_Derived
0.7767521188005875,0.7549396,0.02181250307411653,2021-01-18,J06000176,STGCN_Distance_InfectionRates_Derived
0.6979293732971291,0.713934,-0.016004631009664094,2021-01-20,J06000176,STGCN_Distance_InfectionRates_Derived
0.6389947554744231,0.67374647,-0.03475171116223463,2021-01-22,J06000176,STGCN_Distance_InfectionRates_Derived
0.6108516060701888,0.6132093,-0.0023577011235672574,2021-01-24,J06000176,STGCN_Distance_InfectionRates_Derived
0.5960652048636736,0.57992786,0.016137343173152408,2021-01-25,J06000176,STGCN_Distance_InfectionRates_Derived
0.5648906173877933,0.5674756,-0.0025849995441219464,2021-01-27,J06000176,STGCN_Distance_InfectionRates_Derived
0.5374297437340129,0.54080623,-0.003376490148891187,2021-01-29,J06000176,STGCN_Distance_InfectionRates_Derived
0.5145738244576168,0.5080718,0.006502044252843842,2021-01-31,J06000176,STGCN_Distance_InfectionRates_Derived
0.502678373106305,0.4816227,0.02105567718345347,2021-02-01,J06000176,STGCN_Distance_InfectionRates_Derived
0.4778629988027746,0.48766458,-0.0098015815423792,2021-02-03,J06000176,STGCN_Distance_InfectionRates_Derived
0.4519609625555262,0.46970314,-0.01774217531907707,2021-02-05,J06000176,STGCN_Distance_InfectionRates_Derived
0.4248601294707779,0.43474376,-0.009883632545518495,2021-02-07,J06000176,STGCN_Distance_InfectionRates_Derived
0.4106479648894289,0.40472764,0.005920327121637148,2021-02-08,J06000176,STGCN_Distance_InfectionRates_Derived
0.3807473428570299,0.3967151,-0.015967761722895657,2021-02-10,J06000176,STGCN_Distance_InfectionRates_Derived
0.4769977158472942,0.49579525,-0.01879753409167062,2020-12-27,J06000177,STGCN_Distance_InfectionRates_Derived
0.4770285342927441,0.47664243,0.00038610446410031196,2020-12-28,J06000177,STGCN_Distance_InfectionRates_Derived
0.4770901646235955,0.4737199,0.003370269737578646,2020-12-30,J06000177,STGCN_Distance_InfectionRates_Derived
0.4797646427904405,0.50025105,-0.020486411973353436,2021-01-03,J06000177,STGCN_Distance_InfectionRates_Derived
0.4806423007817358,0.47963622,0.001006078657636078,2021-01-04,J06000177,STGCN_Distance_InfectionRates_Derived
0.4823923136889553,0.48506427,-0.0026719544232273185,2021-01-06,J06000177,STGCN_Distance_InfectionRates_Derived
0.4862682356900839,0.4827472,0.0035210385388998455,2021-01-08,J06000177,STGCN_Distance_InfectionRates_Derived
0.4922137335412138,0.4885406,0.003673143731796058,2021-01-10,J06000177,STGCN_Distance_InfectionRates_Derived
0.4951562357094219,0.48188606,0.013270176663630284,2021-01-11,J06000177,STGCN_Distance_InfectionRates_Derived
0.5009820975285733,0.49274415,0.008237949751015883,2021-01-13,J06000177,STGCN_Distance_InfectionRates_Derived
0.505603264416476,0.5003909,0.00521237715603895,2021-01-15,J06000177,STGCN_Distance_InfectionRates_Derived
0.5090571197542128,0.5074224,0.0016347321542676818,2021-01-17,J06000177,STGCN_Distance_InfectionRates_Derived
0.5107738013103187,0.50534457,0.005429231627243736,2021-01-18,J06000177,STGCN_Distance_InfectionRates_Derived
0.5141869404381353,0.5092291,0.004957816845758578,2021-01-20,J06000177,STGCN_Distance_InfectionRates_Derived
0.4980378626564786,0.5206792,-0.022641313197250656,2021-01-22,J06000177,STGCN_Distance_InfectionRates_Derived
0.45998356246152,0.4863441,-0.026360536583279803,2021-01-24,J06000177,STGCN_Distance_InfectionRates_Derived
0.4396282523043482,0.42354256,0.016085693157467107,2021-01-25,J06000177,STGCN_Distance_InfectionRates_Derived
0.3958105301851507,0.40457392,-0.008763387203765294,2021-01-27,J06000177,STGCN_Distance_InfectionRates_Derived
0.3704881010797576,0.38378108,-0.013292974397842494,2021-01-29,J06000177,STGCN_Distance_InfectionRates_Derived
0.3671977959129079,0.35886,0.008337809846089672,2021-01-31,J06000177,STGCN_Distance_InfectionRates_Derived
0.3655432478540372,0.3519132,0.013630034124178791,2021-02-01,J06000177,STGCN_Distance_InfectionRates_Derived
0.3622151206298996,0.3769889,-0.014773767156965656,2021-02-03,J06000177,STGCN_Distance_InfectionRates_Derived
0.3442838666178901,0.37997717,-0.03569330003478932,2021-02-05,J06000177,STGCN_Distance_InfectionRates_Derived
0.3098204997851001,0.341823,-0.032002511851633886,2021-02-07,J06000177,STGCN_Distance_InfectionRates_Derived
0.2915058559553616,0.30583,-0.014324145875693084,2021-02-08,J06000177,STGCN_Distance_InfectionRates_Derived
0.2523828099977469,0.266096,-0.01371318590526821,2021-02-10,J06000177,STGCN_Distance_InfectionRates_Derived
0.5895840752745086,0.6144082,-0.024824119744259687,2020-12-27,J06000178,STGCN_Distance_InfectionRates_Derived
0.5794097813783374,0.5736311,0.005778673571178006,2020-12-28,J06000178,STGCN_Distance_InfectionRates_Derived
0.5583169398761308,0.54910034,0.009216600463441638,2020-12-30,J06000178,STGCN_Distance_InfectionRates_Derived
0.5578077932317154,0.5647828,-0.00697500505853732,2021-01-03,J06000178,STGCN_Distance_InfectionRates_Derived
0.5612309200944844,0.5406672,0.02056374384784132,2021-01-04,J06000178,STGCN_Distance_InfectionRates_Derived
0.5679972782099435,0.5549553,0.013041974540967671,2021-01-06,J06000178,STGCN_Distance_InfectionRates_Derived
0.5736697216228687,0.56379974,0.009869982738896499,2021-01-08,J06000178,STGCN_Distance_InfectionRates_Derived
0.5782893848960806,0.5722859,0.006003494316856983,2021-01-10,J06000178,STGCN_Distance_InfectionRates_Derived
0.5805809187123169,0.5623798,0.018201141280828836,2021-01-11,J06000178,STGCN_Distance_InfectionRates_Derived
0.5851280287534797,0.5744191,0.010708947542389602,2021-01-13,J06000178,STGCN_Distance_InfectionRates_Derived
0.5836102521033907,0.57917756,0.004432693681302058,2021-01-15,J06000178,STGCN_Distance_InfectionRates_Derived
0.5759632330958478,0.57699597,-0.0010327357228167022,2021-01-17,J06000178,STGCN_Distance_InfectionRates_Derived
0.5720886305920669,0.5630429,0.00904575148745268,2021-01-18,J06000178,STGCN_Distance_InfectionRates_Derived
0.5642341546990585,0.561296,0.002938168523521356,2021-01-20,J06000178,STGCN_Distance_InfectionRates_Derived
0.5464423712141322,0.55940366,-0.012961286699075814,2021-01-22,J06000178,STGCN_Distance_InfectionRates_Derived
0.5174293672800121,0.5259579,-0.008528515124315295,2021-01-24,J06000178,STGCN_Distance_InfectionRates_Derived
0.5021621028164727,0.48097312,0.02118897831238331,2021-01-25,J06000178,STGCN_Distance_InfectionRates_Derived
0.4699165179307226,0.47046876,-0.0005522416060205759,2021-01-27,J06000178,STGCN_Distance_InfectionRates_Derived
0.448293744248474,0.45061612,-0.0023223770436402447,2021-01-29,J06000178,STGCN_Distance_InfectionRates_Derived
0.4390371943253598,0.42901483,0.010022362543972485,2021-01-31,J06000178,STGCN_Distance_InfectionRates_Derived
0.4343338671671382,0.4169793,0.01735455427040966,2021-02-01,J06000178,STGCN_Distance_InfectionRates_Derived
0.4247715898065474,0.43654495,-0.011773364970216527,2021-02-03,J06000178,STGCN_Distance_InfectionRates_Derived
0.3981949717495193,0.42878485,-0.030589875510002196,2021-02-05,J06000178,STGCN_Distance_InfectionRates_Derived
0.3512075466668574,0.3841654,-0.03295785956025443,2021-02-07,J06000178,STGCN_Distance_InfectionRates_Derived
0.3256588415912069,0.34624842,-0.020589576501520768,2021-02-08,J06000178,STGCN_Distance_InfectionRates_Derived
0.2695559323623154,0.31996977,-0.050413840930226106,2021-02-10,J06000178,STGCN_Distance_InfectionRates_Derived
0.5881771915198716,0.5824123,0.005764889025822506,2020-12-27,J06000179,STGCN_Distance_InfectionRates_Derived
0.6023288099874151,0.59514534,0.00718346525322322,2020-12-28,J06000179,STGCN_Distance_InfectionRates_Derived
0.6293195173914361,0.61973816,0.00958135582756281,2020-12-30,J06000179,STGCN_Distance_InfectionRates_Derived
0.5956028303916334,0.63811994,-0.04251710559774646,2021-01-03,J06000179,STGCN_Distance_InfectionRates_Derived
0.5788848505503809,0.554609,0.024275849867550048,2021-01-04,J06000179,STGCN_Distance_InfectionRates_Derived
0.5433848214978863,0.5729749,-0.0295900987749409,2021-01-06,J06000179,STGCN_Distance_InfectionRates_Derived
0.525937772481604,0.49536517,0.030572599857015992,2021-01-08,J06000179,STGCN_Distance_InfectionRates_Derived
0.5288312472305993,0.4985553,0.030275944610665184,2021-01-10,J06000179,STGCN_Distance_InfectionRates_Derived
0.5302707874327586,0.4931445,0.0371262752562449,2021-01-11,J06000179,STGCN_Distance_InfectionRates_Derived
0.5331356316609706,0.53205824,0.001077392677816258,2021-01-13,J06000179,STGCN_Distance_InfectionRates_Derived
0.527346661745355,0.5339096,-0.006562957109167655,2021-01-15,J06000179,STGCN_Distance_InfectionRates_Derived
0.5125481935768887,0.5270318,-0.014483585712356861,2021-01-17,J06000179,STGCN_Distance_InfectionRates_Derived
0.5049554655342444,0.4960183,0.008937175014530063,2021-01-18,J06000179,STGCN_Distance_InfectionRates_Derived
0.4893597882911955,0.49544993,-0.006090142138263144,2021-01-20,J06000179,STGCN_Distance_InfectionRates_Derived
0.4687501876462041,0.48540616,-0.016655972708410183,2021-01-22,J06000179,STGCN_Distance_InfectionRates_Derived
0.4424049255564893,0.45476508,-0.012360155849150345,2021-01-24,J06000179,STGCN_Distance_InfectionRates_Derived
0.4286076892863313,0.4158662,0.01274149313078321,2021-01-25,J06000179,STGCN_Distance_InfectionRates_Derived
0.3996242370356533,0.4035906,-0.003966352726080702,2021-01-27,J06000179,STGCN_Distance_InfectionRates_Derived
0.3721447056734754,0.3901414,-0.01799669204113946,2021-01-29,J06000179,STGCN_Distance_InfectionRates_Derived
0.3466033177217779,0.36600122,-0.019397900835579907,2021-01-31,J06000179,STGCN_Distance_InfectionRates_Derived
0.3332463103535576,0.33599633,-0.002750019430835693,2021-02-01,J06000179,STGCN_Distance_InfectionRates_Derived
0.3052328855788316,0.33375317,-0.028520283004084657,2021-02-03,J06000179,STGCN_Distance_InfectionRates_Derived
0.27548072755798,0.30813795,-0.03265722572342261,2021-02-05,J06000179,STGCN_Distance_InfectionRates_Derived
0.2437477131014361,0.24608305,-0.002335337864826731,2021-02-07,J06000179,STGCN_Distance_InfectionRates_Derived
0.2269671033639095,0.2092081,0.01775900232974506,2021-02-08,J06000179,STGCN_Distance_InfectionRates_Derived
0.1913257777286308,0.19410998,-0.002784198563025697,2021-02-10,J06000179,STGCN_Distance_InfectionRates_Derived
0.5561735691012957,0.51561433,0.04055923833271047,2020-12-30,J06000180,STGCN_Distance_InfectionRates_Derived
0.5673538440702679,0.5598784,0.0074754351614239045,2021-01-03,J06000180,STGCN_Distance_InfectionRates_Derived
0.5685835075122412,0.5659434,0.00264008757892209,2021-01-04,J06000180,STGCN_Distance_InfectionRates_Derived
0.571032438405001,0.554329,0.016703460343324927,2021-01-06,J06000180,STGCN_Distance_InfectionRates_Derived
0.5801039527755978,0.56007075,0.020033199678063607,2021-01-08,J06000180,STGCN_Distance_InfectionRates_Derived
0.5953948760083093,0.57983696,0.015557911401070545,2021-01-10,J06000180,STGCN_Distance_InfectionRates_Derived
0.6028430748249544,0.58475536,0.018087713744784684,2021-01-11,J06000180,STGCN_Distance_InfectionRates_Derived
0.6173668775211282,0.6005818,0.01678505274161768,2021-01-13,J06000180,STGCN_Distance_InfectionRates_Derived
0.609642982024645,0.6150016,-0.005358636837507147,2021-01-15,J06000180,STGCN_Distance_InfectionRates_Derived
0.5784212035505454,0.5978892,-0.019467981401236845,2021-01-17,J06000180,STGCN_Distance_InfectionRates_Derived
0.5619261599180372,0.55436385,0.0075623131391675535,2021-01-18,J06000180,STGCN_Distance_InfectionRates_Derived
0.5269285497082657,0.52663904,0.00028950542344519103,2021-01-20,J06000180,STGCN_Distance_InfectionRates_Derived
0.5033598985626414,0.50497055,-0.0016106519744679693,2021-01-22,J06000180,STGCN_Distance_InfectionRates_Derived
0.493283054335453,0.4774407,0.015842339499332392,2021-01-24,J06000180,STGCN_Distance_InfectionRates_Derived
0.4881555748561248,0.46076804,0.027387530861221254,2021-01-25,J06000180,STGCN_Distance_InfectionRates_Derived
0.4777153502082965,0.46967152,0.008043832597746547,2021-01-27,J06000180,STGCN_Distance_InfectionRates_Derived
0.4561129063460403,0.49506125,-0.038948342194838004,2021-01-31,J06000180,STGCN_Distance_InfectionRates_Derived
0.4505453975920631,0.42843932,0.022106078458304534,2021-02-01,J06000180,STGCN_Distance_InfectionRates_Derived
0.4391915730861865,0.4529087,-0.013717121657923603,2021-02-03,J06000180,STGCN_Distance_InfectionRates_Derived
0.4140023725960909,0.42738163,-0.013379262116128332,2021-02-05,J06000180,STGCN_Distance_InfectionRates_Derived
0.3723937594682116,0.39629278,-0.02389901640115788,2021-02-07,J06000180,STGCN_Distance_InfectionRates_Derived
0.3499923047403624,0.36180675,-0.011814445557183972,2021-02-08,J06000180,STGCN_Distance_InfectionRates_Derived
0.3013932241691143,0.3387986,-0.03740538818707162,2021-02-10,J06000180,STGCN_Distance_InfectionRates_Derived
0.8074966502340479,0.7105872,0.0969094467313929,2020-12-30,J06000181,STGCN_Distance_InfectionRates_Derived
0.7718043107347614,0.7707081,0.0010962266283160993,2021-01-03,J06000181,STGCN_Distance_InfectionRates_Derived
0.7565371434177266,0.67052966,0.08600747985495194,2021-01-04,J06000181,STGCN_Distance_InfectionRates_Derived
0.7242917752873476,0.7212823,0.0030094719540650905,2021-01-06,J06000181,STGCN_Distance_InfectionRates_Derived
0.6942636755466263,0.6532437,0.041019955015162646,2021-01-08,J06000181,STGCN_Distance_InfectionRates_Derived
0.6671206508003534,0.639479,0.027641669305449867,2021-01-10,J06000181,STGCN_Distance_InfectionRates_Derived
0.6528852833158253,0.6040873,0.04879799016778452,2021-01-11,J06000181,STGCN_Distance_InfectionRates_Derived
0.6229332897656602,0.60145324,0.021480045079533494,2021-01-13,J06000181,STGCN_Distance_InfectionRates_Derived
0.6082653658872863,0.58173096,0.02653440408766472,2021-01-15,J06000181,STGCN_Distance_InfectionRates_Derived
0.6104969455321945,0.5701267,0.04037023320995936,2021-01-17,J06000181,STGCN_Distance_InfectionRates_Derived
0.6116084500004911,0.5892564,0.022352044170107832,2021-01-18,J06000181,STGCN_Distance_InfectionRates_Derived
0.6138229610361489,0.60802996,0.005792999450150327,2021-01-20,J06000181,STGCN_Distance_InfectionRates_Derived
0.6000850640118145,0.6128358,-0.01275076047777901,2021-01-22,J06000181,STGCN_Distance_InfectionRates_Derived
0.5687892148125462,0.5852269,-0.01643767861244161,2021-01-24,J06000181,STGCN_Distance_InfectionRates_Derived
0.5522528292136395,0.5322432,0.02000963701774716,2021-01-25,J06000181,STGCN_Distance_InfectionRates_Derived
0.5171621122891378,0.50897497,0.008187142902083333,2021-01-27,J06000181,STGCN_Distance_InfectionRates_Derived
0.498263248897325,0.5263271,-0.028063824676741178,2021-01-31,J06000181,STGCN_Distance_InfectionRates_Derived
0.4981866848495954,0.46892303,0.029263652565812426,2021-02-01,J06000181,STGCN_Distance_InfectionRates_Derived
0.4980335162486038,0.49689585,0.001137666543861382,2021-02-03,J06000181,STGCN_Distance_InfectionRates_Derived
0.4730992805926236,0.50001764,-0.026918362382229943,2021-02-05,J06000181,STGCN_Distance_InfectionRates_Derived
0.4186598936944178,0.45725697,-0.0385970790953466,2021-02-07,J06000181,STGCN_Distance_InfectionRates_Derived
0.3886470443205705,0.39543298,-0.006785934547913985,2021-02-08,J06000181,STGCN_Distance_InfectionRates_Derived
0.3215761648841063,0.37062958,-0.04905341394470536,2021-02-10,J06000181,STGCN_Distance_InfectionRates_Derived
0.5869388060992909,0.5545767,0.032362111133928395,2020-12-30,J06000182,STGCN_Distance_InfectionRates_Derived
0.5721992219844588,0.5851831,-0.012983862026619053,2021-01-03,J06000182,STGCN_Distance_InfectionRates_Derived
0.5654442247718838,0.5282424,0.037201815542605265,2021-01-04,J06000182,STGCN_Distance_InfectionRates_Derived
0.5516106159552179,0.55069757,0.000913050876482524,2021-01-06,J06000182,STGCN_Distance_InfectionRates_Derived
0.5465540025240402,0.5198125,0.026741478205345115,2021-01-08,J06000182,STGCN_Distance_InfectionRates_Derived
0.5505838226812686,0.5274133,0.023170514060815717,2021-01-10,J06000182,STGCN_Distance_InfectionRates_Derived
0.5525847966832884,0.52530456,0.02728024079034408,2021-01-11,J06000182,STGCN_Distance_InfectionRates_Derived
0.5565592973388924,0.5421864,0.0143729179062142,2021-01-13,J06000182,STGCN_Distance_InfectionRates_Derived
0.5452695382181924,0.55167866,-0.00640911931354593,2021-01-15,J06000182,STGCN_Distance_InfectionRates_Derived
0.5174618533213493,0.5311417,-0.013679845039093808,2021-01-17,J06000182,STGCN_Distance_InfectionRates_Derived
0.5028605007489695,0.4923139,0.01054660909972327,2021-01-18,J06000182,STGCN_Distance_InfectionRates_Derived
0.4720970428924506,0.47588283,-0.0037857853431756405,2021-01-20,J06000182,STGCN_Distance_InfectionRates_Derived
0.4514600633897758,0.45434558,-0.0028855205259346595,2021-01-22,J06000182,STGCN_Distance_InfectionRates_Derived
0.4425291844810701,0.42985478,0.012674404045507959,2021-01-24,J06000182,STGCN_Distance_InfectionRates_Derived
0.4379939164604881,0.41480803,0.02318588156363749,2021-01-25,J06000182,STGCN_Distance_InfectionRates_Derived
0.4287787754751364,0.42226756,0.006511219284645653,2021-01-27,J06000182,STGCN_Distance_InfectionRates_Derived
0.3962485661688201,0.4523858,-0.0561372468289979,2021-01-31,J06000182,STGCN_Distance_InfectionRates_Derived
0.3865543329091638,0.36751294,0.019041391548690167,2021-02-01,J06000182,STGCN_Distance_InfectionRates_Derived
0.3664914935223263,0.39391193,-0.02742043441613501,2021-02-03,J06000182,STGCN_Distance_InfectionRates_Derived
0.3388248939247818,0.35302693,-0.01420203259270475,2021-02-05,J06000182,STGCN_Distance_InfectionRates_Derived
0.3020623227569626,0.3276272,-0.025564889052195727,2021-02-07,J06000182,STGCN_Distance_InfectionRates_Derived
0.2824441300936345,0.29757679,-0.015132654993950945,2021-02-08,J06000182,STGCN_Distance_InfectionRates_Derived
0.2403306013167898,0.2653492,-0.025018607991834474,2021-02-10,J06000182,STGCN_Distance_InfectionRates_Derived
0.6577187494495521,0.61780405,0.03991469900399547,2020-12-30,J06000183,STGCN_Distance_InfectionRates_Derived
0.6491996458870177,0.6440888,0.0051108411651854535,2021-01-03,J06000183,STGCN_Distance_InfectionRates_Derived
0.6450353685780322,0.60455054,0.040484828130797124,2021-01-04,J06000183,STGCN_Distance_InfectionRates_Derived
0.6365850761969769,0.6223877,0.014197368963547952,2021-01-06,J06000183,STGCN_Distance_InfectionRates_Derived
0.6189971378356711,0.6038979,0.015099208644081763,2021-01-08,J06000183,STGCN_Distance_InfectionRates_Derived
0.5911083854395387,0.5882179,0.0028904713350770272,2021-01-10,J06000183,STGCN_Distance_InfectionRates_Derived
0.5764623348043485,0.5374281,0.039034253768734484,2021-01-11,J06000183,STGCN_Distance_InfectionRates_Derived
0.5455996212416342,0.5263842,0.019215446417873205,2021-01-13,J06000183,STGCN_Distance_InfectionRates_Derived
0.5342003859157304,0.5081936,0.026006773817036533,2021-01-15,J06000183,STGCN_Distance_InfectionRates_Derived
0.5438289879673485,0.50370854,0.040120446574068436,2021-01-17,J06000183,STGCN_Distance_InfectionRates_Derived
0.5485644022227613,0.52886105,0.019703356385358917,2021-01-18,J06000183,STGCN_Distance_InfectionRates_Derived
0.5578830895971778,0.5583333,-0.0004501881051537371,2021-01-20,J06000183,STGCN_Distance_InfectionRates_Derived
0.5541320178869099,0.5684343,-0.014302280151572755,2021-01-22,J06000183,STGCN_Distance_InfectionRates_Derived
0.5369630425846411,0.55776596,-0.02080291810871826,2021-01-24,J06000183,STGCN_Distance_InfectionRates_Derived
0.5281171309471768,0.5185011,0.009616028022829903,2021-01-25,J06000183,STGCN_Distance_InfectionRates_Derived
0.5098657046083751,0.49788398,0.011981729102546246,2021-01-27,J06000183,STGCN_Distance_InfectionRates_Derived
0.4795885552640982,0.52077246,-0.04118390185870452,2021-01-31,J06000183,STGCN_Distance_InfectionRates_Derived
0.4724080633712353,0.44088656,0.03152150626903194,2021-02-01,J06000183,STGCN_Distance_InfectionRates_Derived
0.4576807946883583,0.4730711,-0.015390303639278402,2021-02-03,J06000183,STGCN_Distance_InfectionRates_Derived
0.4327200526802354,0.43950516,-0.006785107174653526,2021-02-05,J06000183,STGCN_Distance_InfectionRates_Derived
0.3956653125616927,0.41365737,-0.017992054667768986,2021-02-07,J06000183,STGCN_Distance_InfectionRates_Derived
0.3758806965978589,0.37967327,-0.0037925757734332266,2021-02-08,J06000183,STGCN_Distance_InfectionRates_Derived
0.3333832387372143,0.36016664,-0.026783400352370035,2021-02-10,J06000183,STGCN_Distance_InfectionRates_Derived
0.4882295682211549,0.4925793,-0.004349742911276155,2020-12-27,J06000184,STGCN_Distance_InfectionRates_Derived
0.4976098517981794,0.4939827,0.003627149304511801,2020-12-28,J06000184,STGCN_Distance_InfectionRates_Derived
0.5157836489894209,0.5095925,0.006191175482493372,2020-12-30,J06000184,STGCN_Distance_InfectionRates_Derived
0.5159893427580586,0.53340995,-0.017420610359311972,2021-01-03,J06000184,STGCN_Distance_InfectionRates_Derived
0.513083128610853,0.50868374,0.0043993875181711495,2021-01-04,J06000184,STGCN_Distance_InfectionRates_Derived
0.5072116979895326,0.511898,-0.004686283177307016,2021-01-06,J06000184,STGCN_Distance_InfectionRates_Derived
0.5019871525520946,0.49343926,0.008547895407166606,2021-01-08,J06000184,STGCN_Distance_InfectionRates_Derived
0.4974340150427919,0.48966902,0.007764990098486468,2021-01-10,J06000184,STGCN_Distance_InfectionRates_Derived
0.4951394196289034,0.47258946,0.022549956633374224,2021-01-11,J06000184,STGCN_Distance_InfectionRates_Derived
0.4905135348722374,0.47727084,0.01324269327372668,2021-01-13,J06000184,STGCN_Distance_InfectionRates_Derived
0.4799195871430973,0.4775202,0.0023993895131687037,2021-01-15,J06000184,STGCN_Distance_InfectionRates_Derived
0.4629077226794319,0.46187592,0.001031807152088171,2021-01-17,J06000184,STGCN_Distance_InfectionRates_Derived
0.4541451927512015,0.43771127,0.01643392408779515,2021-01-18,J06000184,STGCN_Distance_InfectionRates_Derived
0.436071213023918,0.42943114,0.006640072601096947,2021-01-20,J06000184,STGCN_Distance_InfectionRates_Derived
0.4206900961117313,0.4210872,-0.00039710929827235786,2021-01-22,J06000184,STGCN_Distance_InfectionRates_Derived
0.4083228787618165,0.4035933,0.00472957698874521,2021-01-24,J06000184,STGCN_Distance_InfectionRates_Derived
0.4020046467968672,0.3864295,0.015575158137962175,2021-01-25,J06000184,STGCN_Distance_InfectionRates_Derived
0.3890855532782596,0.38607737,0.0030081790583652013,2021-01-27,J06000184,STGCN_Distance_InfectionRates_Derived
0.3772184620271346,0.37779582,-0.0005773534406998682,2021-01-29,J06000184,STGCN_Distance_InfectionRates_Derived
0.3665023339901204,0.3675592,-0.001056860574698948,2021-01-31,J06000184,STGCN_Distance_InfectionRates_Derived
0.3610434538234625,0.35544905,0.005594403158560746,2021-02-01,J06000184,STGCN_Distance_InfectionRates_Derived
0.3499154315552822,0.36577028,-0.01585484880589333,2021-02-03,J06000184,STGCN_Distance_InfectionRates_Derived
0.3315188287666022,0.35884467,-0.027325838906508748,2021-02-05,J06000184,STGCN_Distance_InfectionRates_Derived
0.3048951337547235,0.3290171,-0.02412196896362978,2021-02-07,J06000184,STGCN_Distance_InfectionRates_Derived
0.2909451237494876,0.2924273,-0.0014821776573727408,2021-02-08,J06000184,STGCN_Distance_InfectionRates_Derived
0.2616243030664178,0.26585174,-0.004227433002307768,2021-02-10,J06000184,STGCN_Distance_InfectionRates_Derived
0.5579156175943369,0.5578538,6.179965457864256e-05,2020-12-30,J06000185,STGCN_Distance_InfectionRates_Derived
0.5326971766147756,0.56113094,-0.028433764299378494,2021-01-03,J06000185,STGCN_Distance_InfectionRates_Derived
0.5244435420257104,0.47836995,0.04607359077754147,2021-01-04,J06000185,STGCN_Distance_InfectionRates_Derived
0.5074502497285054,0.5134078,-0.0059575766951396325,2021-01-06,J06000185,STGCN_Distance_InfectionRates_Derived
0.4941026006427356,0.47507954,0.01902306420474731,2021-01-08,J06000185,STGCN_Distance_InfectionRates_Derived
0.4847641831491895,0.46658427,0.018179917917103328,2021-01-10,J06000185,STGCN_Distance_InfectionRates_Derived
0.4800185790207245,0.44848478,0.03153380061648864,2021-01-11,J06000185,STGCN_Distance_InfectionRates_Derived
0.4703689111469569,0.45515305,0.015215863108474226,2021-01-13,J06000185,STGCN_Distance_InfectionRates_Derived
0.4802395001558096,0.45259684,0.02764265691316431,2021-01-15,J06000185,STGCN_Distance_InfectionRates_Derived
0.5083656803235256,0.47955602,0.02880965624897114,2021-01-17,J06000185,STGCN_Distance_InfectionRates_Derived
0.5217739330927285,0.52197254,-0.0001986039479819901,2021-01-18,J06000185,STGCN_Distance_InfectionRates_Derived
0.5474090155288077,0.5441869,0.0032221254035330604,2021-01-20,J06000185,STGCN_Distance_InfectionRates_Derived
0.5596901267540331,0.56191814,-0.0022280127036695685,2021-01-22,J06000185,STGCN_Distance_InfectionRates_Derived
0.559709216032134,0.5731895,-0.013480280961884583,2021-01-24,J06000185,STGCN_Distance_InfectionRates_Derived
0.5597187603565449,0.5551521,0.004566642150520717,2021-01-25,J06000185,STGCN_Distance_InfectionRates_Derived
0.5597378483761339,0.5483786,0.011359261607029936,2021-01-27,J06000185,STGCN_Distance_InfectionRates_Derived
0.5396312697586354,0.57021916,-0.030587889367646337,2021-01-31,J06000185,STGCN_Distance_InfectionRates_Derived
0.5327133701545683,0.50451994,0.0281934307319609,2021-02-01,J06000185,STGCN_Distance_InfectionRates_Derived
0.5185379405942927,0.5279394,-0.009401438620947777,2021-02-03,J06000185,STGCN_Distance_InfectionRates_Derived
0.4901320821675839,0.4948331,-0.004701029595416573,2021-02-05,J06000185,STGCN_Distance_InfectionRates_Derived
0.4444877972096763,0.4657706,-0.02128280501658103,2021-02-07,J06000185,STGCN_Distance_InfectionRates_Derived
0.419730791233903,0.4201461,-0.0004153164397420195,2021-02-08,J06000185,STGCN_Distance_InfectionRates_Derived
0.365532873879631,0.3978721,-0.03233921646002963,2021-02-10,J06000185,STGCN_Distance_InfectionRates_Derived
0.6102277499080517,0.59591496,0.014312790000519993,2020-12-28,J06000186,STGCN_Distance_InfectionRates_Derived
0.6239412092954754,0.6124351,0.011506106832706808,2020-12-30,J06000186,STGCN_Distance_InfectionRates_Derived
0.5638540568825106,0.63047355,-0.06661949725185834,2021-01-03,J06000186,STGCN_Distance_InfectionRates_Derived
0.53909713880978,0.5015143,0.03758282320461648,2021-01-04,J06000186,STGCN_Distance_InfectionRates_Derived
0.4848994323128258,0.5278502,-0.04295077835383071,2021-01-06,J06000186,STGCN_Distance_InfectionRates_Derived
0.4597680052045308,0.43248433,0.027283676457735162,2021-01-08,J06000186,STGCN_Distance_InfectionRates_Derived
0.4690853269160685,0.43517447,0.033910861736625164,2021-01-10,J06000186,STGCN_Distance_InfectionRates_Derived
0.4736700844001565,0.43087408,0.04279600493429042,2021-01-11,J06000186,STGCN_Distance_InfectionRates_Derived
0.4826969042288689,0.47266814,0.010028763102236216,2021-01-13,J06000186,STGCN_Distance_InfectionRates_Derived
0.4818763619712045,0.4862336,-0.0043572300621817495,2021-01-15,J06000186,STGCN_Distance_InfectionRates_Derived
0.4711518431582174,0.48234612,-0.01119427433827308,2021-01-17,J06000186,STGCN_Distance_InfectionRates_Derived
0.4656886083389889,0.4689554,-0.0032667892669070997,2021-01-18,J06000186,STGCN_Distance_InfectionRates_Derived
0.454551537559972,0.45508295,-0.0005314154162547879,2021-01-20,J06000186,STGCN_Distance_InfectionRates_Derived
0.441944249360427,0.44869304,-0.006748787672654077,2021-01-22,J06000186,STGCN_Distance_InfectionRates_Derived
0.4277438563812327,0.4299328,-0.00218894653434043,2021-01-24,J06000186,STGCN_Distance_InfectionRates_Derived
0.4204656573498074,0.40355808,0.016907581921798365,2021-01-25,J06000186,STGCN_Distance_InfectionRates_Derived
0.4055327921751755,0.39782715,0.007705643737675516,2021-01-27,J06000186,STGCN_Distance_InfectionRates_Derived
0.3520073288723267,0.42967072,-0.07766339242016901,2021-01-31,J06000186,STGCN_Distance_InfectionRates_Derived
0.3355767236766955,0.3298753,0.005701433282866153,2021-02-01,J06000186,STGCN_Distance_InfectionRates_Derived
0.3007241785506659,0.34330475,-0.04258057475286192,2021-02-03,J06000186,STGCN_Distance_InfectionRates_Derived
0.2718020522944169,0.2690163,0.0027857566229538833,2021-02-05,J06000186,STGCN_Distance_InfectionRates_Derived
0.2502504086096495,0.24555758,0.004692832191726504,2021-02-07,J06000186,STGCN_Distance_InfectionRates_Derived
0.2390597903779407,0.22317618,0.01588360906156497,2021-02-08,J06000186,STGCN_Distance_InfectionRates_Derived
0.215774479729332,0.21889399,-0.003119510191284147,2021-02-10,J06000186,STGCN_Distance_InfectionRates_Derived
0.5867237837607211,0.5805653,0.006158509998971828,2020-12-28,J06000187,STGCN_Distance_InfectionRates_Derived
0.5960434140363461,0.58537173,0.010671681324554094,2020-12-30,J06000187,STGCN_Distance_InfectionRates_Derived
0.5431451990344965,0.6010808,-0.05793557622642875,2021-01-03,J06000187,STGCN_Distance_InfectionRates_Derived
0.522158876426426,0.4857078,0.03645108676692588,2021-01-04,J06000187,STGCN_Distance_InfectionRates_Derived
0.4768746290151533,0.511897,-0.035022398477369876,2021-01-06,J06000187,STGCN_Distance_InfectionRates_Derived
0.4562764634748423,0.43062204,0.025654422249408948,2021-01-08,J06000187,STGCN_Distance_InfectionRates_Derived
0.4640649981719762,0.43116605,0.03289894535367788,2021-01-10,J06000187,STGCN_Distance_InfectionRates_Derived
0.4679075049822808,0.42514935,0.04275815362386709,2021-01-11,J06000187,STGCN_Distance_InfectionRates_Derived
0.475492006368692,0.47084922,0.004642790384347506,2021-01-13,J06000187,STGCN_Distance_InfectionRates_Derived
0.4756640859192773,0.48270708,-0.0070429973059729645,2021-01-15,J06000187,STGCN_Distance_InfectionRates_Derived
0.4684326248808248,0.48188835,-0.013455728943790657,2021-01-17,J06000187,STGCN_Distance_InfectionRates_Derived
0.4647712330146269,0.46463972,0.00013150971369307873,2021-01-18,J06000187,STGCN_Distance_InfectionRates_Derived
0.4573545235371331,0.45428756,0.0030669647431114666,2021-01-20,J06000187,STGCN_Distance_InfectionRates_Derived
0.4432350248762799,0.45397812,-0.010743096404390251,2021-01-22,J06000187,STGCN_Distance_InfectionRates_Derived
0.4217361056727694,0.42907244,-0.007336333997793321,2021-01-24,J06000187,STGCN_Distance_InfectionRates_Derived
0.4105739113633913,0.39033872,0.020235192472247476,2021-01-25,J06000187,STGCN_Distance_InfectionRates_Derived
0.3873501389377393,0.38026547,0.007084664618281278,2021-01-27,J06000187,STGCN_Distance_InfectionRates_Derived
0.3760103050762552,0.36612403,0.009886271148337733,2021-01-29,J06000187,STGCN_Distance_InfectionRates_Derived
0.3775163719310608,0.3569784,0.020537985290512095,2021-01-31,J06000187,STGCN_Distance_InfectionRates_Derived
0.3782674513220874,0.3632471,0.015020354783543688,2021-02-01,J06000187,STGCN_Distance_InfectionRates_Derived
0.3797657244957274,0.38846183,-0.008696103736084149,2021-02-03,J06000187,STGCN_Distance_InfectionRates_Derived
0.3669932092024538,0.3946932,-0.027699986617400918,2021-02-05,J06000187,STGCN_Distance_InfectionRates_Derived
0.3386216246900227,0.36707205,-0.028450421113047353,2021-02-07,J06000187,STGCN_Distance_InfectionRates_Derived
0.3237090872973677,0.33119044,-0.00748134978110826,2021-02-08,J06000187,STGCN_Distance_InfectionRates_Derived
0.2922539344777971,0.31000558,-0.017751640940675217,2021-02-10,J06000187,STGCN_Distance_InfectionRates_Derived
0.5650150838050619,0.5272693,0.0377457800063864,2020-12-30,J06000188,STGCN_Distance_InfectionRates_Derived
0.5585912644210851,0.5684622,-0.009870928591152461,2021-01-03,J06000188,STGCN_Distance_InfectionRates_Derived
0.5532648784364175,0.5340538,0.019211075946183098,2021-01-04,J06000188,STGCN_Distance_InfectionRates_Derived
0.5424120317325947,0.54231316,9.887322047918978e-05,2021-01-06,J06000188,STGCN_Distance_InfectionRates_Derived
0.5354256175995034,0.51844704,0.01697857608796771,2021-01-08,J06000188,STGCN_Distance_InfectionRates_Derived
0.532497752505923,0.5177011,0.014796663123751386,2021-01-10,J06000188,STGCN_Distance_InfectionRates_Derived
0.5310263845363489,0.5075485,0.023477873508059077,2021-01-11,J06000188,STGCN_Distance_InfectionRates_Derived
0.5280686088579265,0.5159503,0.01211828670674242,2021-01-13,J06000188,STGCN_Distance_InfectionRates_Derived
0.5181475948278033,0.5186525,-0.0005049038942731565,2021-01-15,J06000188,STGCN_Distance_InfectionRates_Derived
0.5007705905918621,0.5036811,-0.0029105326648212193,2021-01-17,J06000188,STGCN_Distance_InfectionRates_Derived
0.4918142029675518,0.48614556,0.005668646994498816,2021-01-18,J06000188,STGCN_Distance_InfectionRates_Derived
0.473327505794437,0.47682488,-0.0034973738518642716,2021-01-20,J06000188,STGCN_Distance_InfectionRates_Derived
0.4590820690037291,0.4639839,-0.004901824390741105,2021-01-22,J06000188,STGCN_Distance_InfectionRates_Derived
0.449530050452684,0.4458285,0.003701553042863459,2021-01-24,J06000188,STGCN_Distance_InfectionRates_Derived
0.4446740843631225,0.43037903,0.01429505127443842,2021-01-25,J06000188,STGCN_Distance_InfectionRates_Derived
0.434796164810905,0.43334073,0.001455436527976528,2021-01-27,J06000188,STGCN_Distance_InfectionRates_Derived
0.3889484313804139,0.4616172,-0.07266877018628226,2021-01-31,J06000188,STGCN_Distance_InfectionRates_Derived
0.3744409817865899,0.35639375,0.018047227304320623,2021-02-01,J06000188,STGCN_Distance_InfectionRates_Derived
0.3438859360702149,0.38578582,-0.04189988202976069,2021-02-03,J06000188,STGCN_Distance_InfectionRates_Derived
0.3118527405052773,0.3229584,-0.011105669280947084,2021-02-05,J06000188,STGCN_Distance_InfectionRates_Derived
0.2781701037433211,0.28568345,-0.007513349339717257,2021-02-07,J06000188,STGCN_Distance_InfectionRates_Derived
0.2602956482214649,0.25524038,0.005055267457457324,2021-02-08,J06000188,STGCN_Distance_InfectionRates_Derived
0.2221757950943196,0.23050086,-0.008325066908053153,2021-02-10,J06000188,STGCN_Distance_InfectionRates_Derived
0.6010301325018919,0.5884692,0.01256092521505714,2020-12-30,J06000189,STGCN_Distance_InfectionRates_Derived
0.5607646391507431,0.5901873,-0.029422672021742202,2021-01-03,J06000189,STGCN_Distance_InfectionRates_Derived
0.5469008163889274,0.48470303,0.06219778222640604,2021-01-04,J06000189,STGCN_Distance_InfectionRates_Derived
0.5177703687848692,0.52841604,-0.010645668774640127,2021-01-06,J06000189,STGCN_Distance_InfectionRates_Derived
0.510902172161506,0.46789116,0.04301101548807462,2021-01-08,J06000189,STGCN_Distance_InfectionRates_Derived
0.5273510224717644,0.47549963,0.05185139249739912,2021-01-10,J06000189,STGCN_Distance_InfectionRates_Derived
0.5353475728095931,0.50006634,0.0352812328399581,2021-01-11,J06000189,STGCN_Distance_InfectionRates_Derived
0.5509120680654602,0.54149234,0.009419725116546651,2021-01-13,J06000189,STGCN_Distance_InfectionRates_Derived
0.5726259824643553,0.55182856,0.020797419251006866,2021-01-15,J06000189,STGCN_Distance_InfectionRates_Derived
0.5995882157285999,0.5822771,0.017311096568901396,2021-01-17,J06000189,STGCN_Distance_InfectionRates_Derived
0.6124665418236798,0.5985502,0.013916341361338458,2021-01-18,J06000189,STGCN_Distance_InfectionRates_Derived
0.6371312203383561,0.6156912,0.021440035340797525,2021-01-20,J06000189,STGCN_Distance_InfectionRates_Derived
0.6263300439793339,0.64055026,-0.014220211796117765,2021-01-22,J06000189,STGCN_Distance_InfectionRates_Derived
0.5771984204195878,0.61483175,-0.03763332520495444,2021-01-24,J06000189,STGCN_Distance_InfectionRates_Derived
0.5503777376608374,0.5311944,0.019183348794412858,2021-01-25,J06000189,STGCN_Distance_InfectionRates_Derived
0.4911892319514223,0.48994493,0.001244297106451575,2021-01-27,J06000189,STGCN_Distance_InfectionRates_Derived
0.4452289954533724,0.47126144,-0.026032446254238673,2021-01-29,J06000189,STGCN_Distance_InfectionRates_Derived
0.4179174768923347,0.43167698,-0.013759506940978272,2021-01-31,J06000189,STGCN_Distance_InfectionRates_Derived
0.4035894129889028,0.40763137,-0.004041954456089292,2021-02-01,J06000189,STGCN_Distance_InfectionRates_Derived
0.3734321003548539,0.3883356,-0.014903485239323333,2021-02-03,J06000189,STGCN_Distance_InfectionRates_Derived
0.3456401643911101,0.36039996,-0.014759797080447501,2021-02-05,J06000189,STGCN_Distance_InfectionRates_Derived
0.3208370809546226,0.3343405,-0.013503431797910359,2021-02-07,J06000189,STGCN_Distance_InfectionRates_Derived
0.3078832853579695,0.317837,-0.009953714535218983,2021-02-08,J06000189,STGCN_Distance_InfectionRates_Derived
0.2807555656158754,0.29531273,-0.014557166842239233,2021-02-10,J06000189,STGCN_Distance_InfectionRates_Derived
0.6955954032210833,0.5327251,0.1628703074721819,2020-12-30,J06000190,STGCN_Distance_InfectionRates_Derived
0.6893602622586446,0.6700152,0.01934504638492629,2021-01-03,J06000190,STGCN_Distance_InfectionRates_Derived
0.6794255450088812,0.6426087,0.03681684282611142,2021-01-04,J06000190,STGCN_Distance_InfectionRates_Derived
0.6588471788510536,0.6545096,0.004337574873850225,2021-01-06,J06000190,STGCN_Distance_InfectionRates_Derived
0.6552400328498784,0.6066325,0.04860756176528369,2021-01-08,J06000190,STGCN_Distance_InfectionRates_Derived
0.6690240769676284,0.6208705,0.04815360596695706,2021-01-10,J06000190,STGCN_Distance_InfectionRates_Derived
0.6757554372827171,0.63248193,0.04327350464264146,2021-01-11,J06000190,STGCN_Distance_InfectionRates_Derived
0.6889130197321693,0.6672693,0.02164373023860855,2021-01-13,J06000190,STGCN_Distance_InfectionRates_Derived
0.677013022490523,0.6742075,0.002805513926527614,2021-01-15,J06000190,STGCN_Distance_InfectionRates_Derived
0.6378497581775898,0.65000623,-0.012156476468253685,2021-01-17,J06000190,STGCN_Distance_InfectionRates_Derived
0.616858869137125,0.5851533,0.03170558744843477,2021-01-18,J06000190,STGCN_Distance_InfectionRates_Derived
0.5715639831082064,0.5550945,0.016469502593680074,2021-01-20,J06000190,STGCN_Distance_InfectionRates_Derived
0.5439347538164241,0.53326035,0.010674408357439713,2021-01-22,J06000190,STGCN_Distance_InfectionRates_Derived
0.5377134741738803,0.5031985,0.034514969725943256,2021-01-24,J06000190,STGCN_Distance_InfectionRates_Derived
0.5345690920180238,0.4923169,0.042252190334216455,2021-01-25,J06000190,STGCN_Distance_InfectionRates_Derived
0.5282111944175625,0.51300925,0.015201944253530497,2021-01-27,J06000190,STGCN_Distance_InfectionRates_Derived
0.5112628161890137,0.51353055,-0.0022677361982238464,2021-01-29,J06000190,STGCN_Distance_InfectionRates_Derived
0.4824184963100069,0.4840047,-0.0015862098343260023,2021-01-31,J06000190,STGCN_Distance_InfectionRates_Derived
0.4672445988200863,0.44483387,0.022410724117632674,2021-02-01,J06000190,STGCN_Distance_InfectionRates_Derived
0.4352072640805584,0.43510348,0.00010378803304250672,2021-02-03,J06000190,STGCN_Distance_InfectionRates_Derived
0.401315531263616,0.41510695,-0.013791420926783149,2021-02-05,J06000190,STGCN_Distance_InfectionRates_Derived
0.3653123088572743,0.38536096,-0.02004864733474232,2021-02-07,J06000190,STGCN_Distance_InfectionRates_Derived
0.3461258306217689,0.35976264,-0.013636808185527871,2021-02-08,J06000190,STGCN_Distance_InfectionRates_Derived
0.3050059794617195,0.33180138,-0.026795405225704227,2021-02-10,J06000190,STGCN_Distance_InfectionRates_Derived
