actual,predicted,residual,date,cis_code
0.8102444643771465,0.71761996,0.09262450883744311,2020-12-30,J06000164
0.7553561537288795,0.7024823,0.05287387061349258,2021-01-04,J06000164
0.7210676526394177,0.6995734,0.02149425500300417,2021-01-06,J06000164
0.6953450818309042,0.70769626,-0.012351177190854878,2021-01-08,J06000164
0.6799309956306911,0.699329,-0.019398022962143324,2021-01-10,J06000164
0.6720138214635206,0.66937524,0.0026385806607557294,2021-01-11,J06000164
0.6557328677531578,0.6980608,-0.04232794281279073,2021-01-13,J06000164
0.6370517479303897,0.70200664,-0.06495489011968969,2021-01-15,J06000164
0.6156759278741519,0.70538616,-0.08971023393004729,2021-01-17,J06000164
0.6045800760051196,0.6775209,-0.0729407951572949,2021-01-18,J06000164
0.5814998863869362,0.6763838,-0.09488390696709825,2021-01-20,J06000164
0.5631177381600103,0.64201874,-0.07890099724877264,2021-01-22,J06000164
0.5501004967777158,0.64377004,-0.09366954230385771,2021-01-24,J06000164
0.5298124790944243,0.5906819,-0.06086943142040724,2021-01-27,J06000164
0.5095473616844207,0.5801213,-0.07057391707839666,2021-01-29,J06000164
0.4816896141133346,0.5608154,-0.07912577981137853,2021-01-31,J06000164
0.4670606600895968,0.5048953,-0.03783466938580604,2021-02-01,J06000164
0.4362359148370827,0.49452633,-0.05829041181925887,2021-02-03,J06000164
0.4049932068705735,0.47751412,-0.072520911085588,2021-02-05,J06000164
0.3734122051292261,0.4335044,-0.06009219750825556,2021-02-07,J06000164
0.356716561368972,0.41584754,-0.05913097853276139,2021-02-08,J06000164
0.3212669077300299,0.3612973,-0.04003040166862121,2021-02-10,J06000164
0.614927407347406,0.6046896,0.010237809263909936,2020-12-27,J06000165
0.6395812945996966,0.6381964,0.0013848858510698836,2020-12-28,J06000165
0.6850501488942017,0.6560532,0.028996963431250022,2020-12-30,J06000165
0.6624601279856509,0.7103515,-0.04789139875156223,2021-01-03,J06000165
0.646875445540094,0.6870436,-0.040168161694860816,2021-01-04,J06000165
0.6139207931617507,0.6994648,-0.08554400481188207,2021-01-06,J06000165
0.5971522694993672,0.6847081,-0.08755584893935353,2021-01-08,J06000165
0.5985421170814714,0.6818469,-0.0833047995940962,2021-01-10,J06000165
0.5992353764798649,0.62943685,-0.030201474067925616,2021-01-11,J06000165
0.6006185841567038,0.64873713,-0.04811854839258212,2021-01-13,J06000165
0.5942967895737843,0.64093906,-0.04664226729953724,2021-01-15,J06000165
0.5799242519728092,0.6392965,-0.05937222009979215,2021-01-17,J06000165
0.5725555894466202,0.6170298,-0.0444741966633041,2021-01-18,J06000165
0.5574322418557339,0.6255873,-0.068155042709238,2021-01-20,J06000165
0.5438623943803287,0.62293905,-0.07907665581727263,2021-01-22,J06000165
0.5320122426098646,0.609599,-0.07758675164520135,2021-01-24,J06000165
0.5259636651872857,0.5661975,-0.040233849346710926,2021-01-25,J06000165
0.5136077664390873,0.5742397,-0.06063190479122882,2021-01-27,J06000165
0.4866891058814729,0.5420712,-0.05538211737749926,2021-01-29,J06000165
0.4422888256792268,0.5260284,-0.0837395690198699,2021-01-31,J06000165
0.4182616241895357,0.50075597,-0.08249434152015056,2021-02-01,J06000165
0.3658093420185211,0.4823718,-0.11656246507986756,2021-02-03,J06000165
0.3227623107485781,0.43317816,-0.1104158458657255,2021-02-05,J06000165
0.2928076311881012,0.39575645,-0.10294882208757933,2021-02-07,J06000165
0.2770181104972238,0.37143898,-0.09442086960531526,2021-02-08,J06000165
0.2436049869649067,0.2869206,-0.04331562012508963,2021-02-10,J06000165
0.6706075354219979,0.7039509,-0.0333433465360099,2020-12-27,J06000166
0.6740182866021238,0.7107207,-0.03670243130482809,2020-12-28,J06000166
0.6807604662956743,0.71036994,-0.029609478276774404,2020-12-30,J06000166
0.6399977617326038,0.7073461,-0.0673483200010998,2021-01-03,J06000166
0.6242450950354904,0.67521256,-0.05096746704870758,2021-01-04,J06000166
0.5909145101797348,0.6922553,-0.1013408079850906,2021-01-06,J06000166
0.5773957134140658,0.6498198,-0.07242407790292027,2021-01-08,J06000166
0.5855933231433581,0.6418953,-0.05630197104609502,2021-01-10,J06000166
0.5896348230062598,0.62824523,-0.03861041148318112,2021-01-11,J06000166
0.5976067137630572,0.61904824,-0.02144152403754096,2021-01-13,J06000166
0.5901725807426282,0.6258908,-0.035718210673539974,2021-01-15,J06000166
0.5665075716809425,0.6320679,-0.06556034709652336,2021-01-17,J06000166
0.5541732440380283,0.60830075,-0.05412750144918488,2021-01-18,J06000166
0.5284011589576046,0.6173399,-0.08893875011908603,2021-01-20,J06000166
0.5087449012722086,0.6041037,-0.09535878315314539,2021-01-22,J06000166
0.4961291832929284,0.58181727,-0.08568808603232797,2021-01-24,J06000166
0.4896811819909404,0.55603325,-0.06635207167879836,2021-01-25,J06000166
0.4764906696287976,0.5180273,-0.04153663597422974,2021-01-27,J06000166
0.4564431907958666,0.50920135,-0.05275815703204478,2021-01-29,J06000166
0.4285576100931103,0.45357803,-0.02502041500950508,2021-01-31,J06000166
0.4139133084729526,0.4490429,-0.03512957802263761,2021-02-01,J06000166
0.3830544793597882,0.40851006,-0.02545557975848267,2021-02-03,J06000166
0.3492534913706549,0.42572814,-0.0764746508908502,2021-02-05,J06000166
0.3119654333153339,0.37453648,-0.06257105116457029,2021-02-07,J06000166
0.2920477900859922,0.3639818,-0.07193402310637537,2021-02-08,J06000166
0.2492430956907811,0.3176865,-0.06844340247434952,2021-02-10,J06000166
0.4726808481651375,0.45762852,0.0150523298221657,2020-12-28,J06000167
0.4514260967516766,0.45406875,-0.0026426533913745387,2021-01-03,J06000167
0.4517815776112737,0.4658081,-0.014026515936547357,2021-01-04,J06000167
0.4524916676096631,0.46783665,-0.015344980616121218,2021-01-06,J06000167
0.4654153461991568,0.47194448,-0.006529134935257863,2021-01-08,J06000167
0.4895121586661974,0.47934008,0.010172082219664202,2021-01-10,J06000167
0.5010770518247659,0.4754453,0.025631751484113452,2021-01-11,J06000167
0.5233220329119704,0.5300305,-0.006708456055925072,2021-01-13,J06000167
0.5250312423853077,0.5461653,-0.021134045109351685,2021-01-15,J06000167
0.5064514082183861,0.53637236,-0.029920955348966216,2021-01-17,J06000167
0.4968546530374272,0.52247167,-0.025617013298632363,2021-01-18,J06000167
0.4770005225328267,0.52584845,-0.048847925743693066,2021-01-20,J06000167
0.4552585279382028,0.51256114,-0.05730261450640778,2021-01-22,J06000167
0.431381014014471,0.4962192,-0.06483817396045882,2021-01-24,J06000167
0.418931207586264,0.44418803,-0.02525682098772586,2021-01-25,J06000167
0.3929068775604606,0.43146285,-0.03855597658649679,2021-01-27,J06000167
0.3565684187569275,0.446058,-0.08948958633760068,2021-01-31,J06000167
0.348724077197201,0.39831784,-0.049593766478412404,2021-02-01,J06000167
0.3325970950709179,0.39545158,-0.06285448044673653,2021-02-03,J06000167
0.3087089704131489,0.33761635,-0.028907383813917165,2021-02-05,J06000167
0.2757326788670642,0.30102667,-0.025293993257798464,2021-02-07,J06000167
0.2582554079188368,0.28571957,-0.02746416557893544,2021-02-08,J06000167
0.2210378878215493,0.25839466,-0.03735677074397195,2021-02-10,J06000167
0.7679165662708066,0.7175808,0.050335770982720685,2020-12-27,J06000168
0.77567928004805,0.7119455,0.06373380590025335,2020-12-28,J06000168
0.7908004526437211,0.7146665,0.07613396685728313,2020-12-30,J06000168
0.8248766800190309,0.7109986,0.11387808525813614,2021-01-03,J06000168
0.8334265988892676,0.69280416,0.1406224411553504,2021-01-04,J06000168
0.8500374597763745,0.7209311,0.1291063470101086,2021-01-06,J06000168
0.836544683990353,0.71093935,0.12560533624636494,2021-01-08,J06000168
0.7899072402708305,0.72124887,0.068658375143267,2021-01-10,J06000168
0.7645652029568943,0.6921489,0.07241627908299297,2021-01-11,J06000168
0.7089607209787174,0.6979829,0.010977813683490378,2021-01-13,J06000168
0.6583081643220976,0.706052,-0.04774384096888751,2021-01-15,J06000168
0.6154735620412913,0.7055283,-0.09005475684069719,2021-01-17,J06000168
0.5923601798383085,0.69765985,-0.10529967028223597,2021-01-18,J06000168
0.5420797315296592,0.7075269,-0.165447190696293,2021-01-20,J06000168
0.501958720988765,0.68030334,-0.1783446142010543,2021-01-22,J06000168
0.4755738540164173,0.633829,-0.15825514359558224,2021-01-24,J06000168
0.4617548961420232,0.5853127,-0.12355782797144116,2021-01-25,J06000168
0.4327234995437143,0.50336426,-0.07064076542134307,2021-01-27,J06000168
0.4272361103546733,0.48557448,-0.05833837351678667,2021-01-29,J06000168
0.4461780343019872,0.43046173,0.015716299768677278,2021-01-31,J06000168
0.4553479329797487,0.45625994,-0.0009120031145353757,2021-02-01,J06000168
0.473126551723967,0.46560785,0.007518699980268884,2021-02-03,J06000168
0.4562551781397737,0.49650756,-0.04025237710657947,2021-02-05,J06000168
0.4002818616882346,0.46381015,-0.06352828416671535,2021-02-07,J06000168
0.3693347649401651,0.42278132,-0.05344655348596711,2021-02-08,J06000168
0.2999184959589957,0.4169504,-0.11703190868501673,2021-02-10,J06000168
0.6311517547557055,0.6688754,-0.03772364149597296,2020-12-27,J06000169
0.6268040103134644,0.6457507,-0.018946691113995273,2020-12-28,J06000169
0.6179757251042354,0.66155916,-0.043583439419842995,2020-12-30,J06000169
0.5738114348262499,0.6513455,-0.0775340565830519,2021-01-03,J06000169
0.5597353281793727,0.6154839,-0.055748551863657125,2021-01-04,J06000169
0.5301357627047326,0.61958843,-0.0894526719914649,2021-01-06,J06000169
0.5300592682979136,0.57468563,-0.044626364884612024,2021-01-08,J06000169
0.5595209303824894,0.58822936,-0.028708427813769144,2021-01-10,J06000169
0.5735346679386586,0.57470095,-0.0011662836375743169,2021-01-11,J06000169
0.6002744259054285,0.59941566,0.0008587660009484743,2021-01-13,J06000169
0.601460462005314,0.62915164,-0.027691180317226283,2021-01-15,J06000169
0.577307472476998,0.6312003,-0.05389284109111725,2021-01-17,J06000169
0.564707837999041,0.6275517,-0.06284383684379347,2021-01-18,J06000169
0.5383559139561692,0.62121487,-0.08285895268201438,2021-01-20,J06000169
0.5105675580526999,0.6077964,-0.09722881293042385,2021-01-22,J06000169
0.4811639654869168,0.5929888,-0.11182482359465667,2021-01-24,J06000169
0.4656802929892266,0.5519651,-0.08628482446530222,2021-01-25,J06000169
0.432951464590508,0.4946619,-0.061710432830375195,2021-01-27,J06000169
0.4051924362806234,0.48864403,-0.08345159738980201,2021-01-29,J06000169
0.3835695855770977,0.4468804,-0.06331081460371896,2021-01-31,J06000169
0.3723405710015862,0.43178904,-0.05944846956390454,2021-02-01,J06000169
0.3489721114414567,0.3741876,-0.025215477250254748,2021-02-03,J06000169
0.3206246322457803,0.36739424,-0.04676960646462314,2021-02-05,J06000169
0.286348718119814,0.33031723,-0.043968510912702485,2021-02-07,J06000169
0.2681398761021779,0.2949012,-0.026761316086085063,2021-02-08,J06000169
0.2292582578863666,0.26343936,-0.03418109939436459,2021-02-10,J06000169
0.662694073279053,0.7135828,-0.05088874046072356,2020-12-30,J06000170
0.6301031973414588,0.684676,-0.05457279419372796,2021-01-03,J06000170
0.6206067829603968,0.68035465,-0.059747871828574106,2021-01-04,J06000170
0.6009673370714927,0.6806165,-0.07964916092197649,2021-01-06,J06000170
0.5890405275571339,0.652163,-0.06312250115990714,2021-01-08,J06000170
0.5854915415264432,0.6396345,-0.05414294848667933,2021-01-10,J06000170
0.5837061132689424,0.62275755,-0.03905144078531786,2021-01-11,J06000170
0.580113084493155,0.6177982,-0.037685124697213634,2021-01-13,J06000170
0.5708738667226888,0.60394144,-0.033067573859586585,2021-01-15,J06000170
0.5556181463164336,0.6145069,-0.058888753994082776,2021-01-17,J06000170
0.5477845019991735,0.58446944,-0.03668493560000863,2021-01-18,J06000170
0.5316801275793996,0.58497363,-0.053293505709937516,2021-01-20,J06000170
0.5239245184931574,0.58765125,-0.06372673425342468,2021-01-22,J06000170
0.5249750112979169,0.5805903,-0.05561529641463803,2021-01-24,J06000170
0.5254993063654799,0.53330487,-0.007805563763151668,2021-01-25,J06000170
0.5265460014721625,0.53559023,-0.009044229946447158,2021-01-27,J06000170
0.515570955195345,0.5357893,-0.02021835573681441,2021-01-29,J06000170
0.4916205379256436,0.5419186,-0.05029803783805881,2021-01-31,J06000170
0.479131094471909,0.510959,-0.03182793472578388,2021-02-01,J06000170
0.4530201344447019,0.5018593,-0.04883917284442163,2021-02-03,J06000170
0.4187830505652904,0.48948178,-0.07069872638745311,2021-02-05,J06000170
0.3744711379242329,0.44568908,-0.071217944221458,2021-02-07,J06000170
0.3504956518852882,0.43030435,-0.07980869658349232,2021-02-08,J06000170
0.2981666922010043,0.3961659,-0.09799921518196081,2021-02-10,J06000170
0.4985818762310559,0.48242605,0.0161558289059216,2020-12-27,J06000171
0.5149327581814342,0.5083187,0.006614035933356854,2020-12-28,J06000171
0.5458960939299656,0.5441065,0.001789610470492975,2020-12-30,J06000171
0.569582415385121,0.5481276,0.021454823775166165,2021-01-03,J06000171
0.5725398103234188,0.58673567,-0.014195855474768426,2021-01-04,J06000171
0.578394860864279,0.5973176,-0.018922715544107183,2021-01-06,J06000171
0.6001089582922458,0.59717995,0.0029290090086458997,2021-01-08,J06000171
0.6354587179260631,0.63448346,0.0009752613144298206,2021-01-10,J06000171
0.6521100583704226,0.6507543,0.0013557854326479157,2021-01-11,J06000171
0.6836117640932575,0.6737404,0.009871377130366898,2021-01-13,J06000171
0.6938313423593331,0.71257865,-0.018747311929912525,2021-01-15,J06000171
0.6842472601338663,0.7080836,-0.02383636947428802,2021-01-17,J06000171
0.6793747204922124,0.69903886,-0.0196641426898555,2021-01-18,J06000171
0.6694625079847931,0.7063292,-0.03686671850904233,2021-01-20,J06000171
0.6450168787791289,0.7081294,-0.06311252719621285,2021-01-22,J06000171
0.6033982062136996,0.70449567,-0.10109746219755533,2021-01-24,J06000171
0.580990922919898,0.6828833,-0.10189239931902416,2021-01-25,J06000171
0.5323781145144846,0.6972207,-0.16484256858335478,2021-01-27,J06000171
0.4945019582152453,0.6548002,-0.1602982184052381,2021-01-29,J06000171
0.4708406446653799,0.6089442,-0.13810353296218358,2021-01-31,J06000171
0.4585083244555866,0.56776434,-0.10925601737562068,2021-02-01,J06000171
0.432740622403702,0.5049549,-0.07221425211183147,2021-02-03,J06000171
0.4013509056577906,0.43465608,-0.03330517792604121,2021-02-05,J06000171
0.3631526744185321,0.4216836,-0.058530935067094114,2021-02-07,J06000171
0.3427150173657369,0.42489418,-0.08217916650839335,2021-02-08,J06000171
0.2987063156727556,0.37135407,-0.07264775761330095,2021-02-10,J06000171
0.7566906770572717,0.7234406,0.0332500895366723,2020-12-27,J06000172
0.7704711486780493,0.71807456,0.05239658851264406,2020-12-28,J06000172
0.7967858400496987,0.71474475,0.08204109336467058,2020-12-30,J06000172
0.7760323914517069,0.7114607,0.0645716818798685,2021-01-03,J06000172
0.7643264180227091,0.68813604,0.07619037685831087,2021-01-04,J06000172
0.7399231399433298,0.7041855,0.03573765410348606,2021-01-06,J06000172
0.7283496450184009,0.70067,0.027679641127409726,2021-01-08,J06000172
0.7306651448290111,0.7046487,0.026016471294617816,2021-01-10,J06000172
0.7318182816042874,0.681887,0.04993131060743072,2021-01-11,J06000172
0.7341154101937487,0.70136285,0.032752561911888356,2021-01-13,J06000172
0.7175455820119762,0.7115249,0.006020678237714683,2021-01-15,J06000172
0.6797909165599897,0.7106121,-0.030821201684181454,2021-01-17,J06000172
0.6596068981053985,0.6812514,-0.02164450856421818,2021-01-18,J06000172
0.6161860523707502,0.6964309,-0.08024486918381524,2021-01-20,J06000172
0.5786790850464878,0.7022502,-0.1235710975821438,2021-01-22,J06000172
0.5491327610920305,0.7023272,-0.15319443073765093,2021-01-24,J06000172
0.5335699318896785,0.66016126,-0.12659132490048264,2021-01-25,J06000172
0.5006641503584784,0.6242613,-0.12359716927882014,2021-01-27,J06000172
0.4796792014252871,0.5933254,-0.11364617508533303,2021-01-29,J06000172
0.4724965366475496,0.5440291,-0.07153257998300461,2021-01-31,J06000172
0.4688601604718175,0.49590284,-0.027042675850966924,2021-02-01,J06000172
0.4614947704951813,0.4887384,-0.027243617327923575,2021-02-03,J06000172
0.4520581843301373,0.4618207,-0.00976250749382207,2021-02-05,J06000172
0.4404151630494177,0.45568323,-0.015268068304342075,2021-02-07,J06000172
0.43447446918496,0.43063214,0.0038423249722372432,2021-02-08,J06000172
0.4223435915543367,0.42957938,-0.0072357856200407356,2021-02-10,J06000172
0.6457713342901205,0.6477458,-0.001974453807261134,2020-12-27,J06000173
0.6624079957301577,0.66060066,0.0018073334987124268,2020-12-28,J06000173
0.6938834233490369,0.68506104,0.008822385808601063,2020-12-30,J06000173
0.6437767367762922,0.7081341,-0.06435737796598684,2021-01-03,J06000173
0.6197406485528416,0.6745859,-0.05484523029618793,2021-01-04,J06000173
0.5672671697581158,0.6796033,-0.11233610887881662,2021-01-06,J06000173
0.5504665078404882,0.64528704,-0.09482052905526372,2021-01-08,J06000173
0.5735570127737092,0.6431021,-0.06954509665851127,2021-01-10,J06000173
0.5846576319036124,0.60752046,-0.022862829178846078,2021-01-11,J06000173
0.6060422994570552,0.6042499,0.0017924048380671964,2021-01-13,J06000173
0.5998450335299149,0.635438,-0.035592991467796264,2021-01-15,J06000173
0.5648198906521809,0.6393213,-0.0745014365572918,2021-01-17,J06000173
0.5461877415858517,0.61457986,-0.06839211480986973,2021-01-18,J06000173
0.5063390240304156,0.6069475,-0.10060845760181703,2021-01-20,J06000173
0.477710216725138,0.6077521,-0.13004186800691764,2021-01-22,J06000173
0.4628497798995964,0.55455315,-0.09170337123107986,2021-01-24,J06000173
0.4552244245984809,0.5097329,-0.05450847745153742,2021-01-25,J06000173
0.4395599059515446,0.48489538,-0.045335472399666954,2021-01-27,J06000173
0.4193704837768075,0.45207542,-0.03270493803334262,2021-01-29,J06000173
0.3940222580384892,0.4306891,-0.03666683841231644,2021-01-31,J06000173
0.3807708451456887,0.4426342,-0.0618633499436515,2021-02-01,J06000173
0.3529896259877777,0.39846367,-0.045474040451278674,2021-02-03,J06000173
0.3244204873084331,0.37412632,-0.04970582780844923,2021-02-05,J06000173
0.2950281449934175,0.37403986,-0.07901171358621811,2021-02-07,J06000173
0.2795507099981668,0.3291113,-0.049560597861254,2021-02-08,J06000173
0.2468358209691481,0.27181473,-0.024978912774519496,2021-02-10,J06000173
0.5516645058859693,0.5636808,-0.012016321731675994,2020-12-27,J06000174
0.555497202100229,0.54897076,0.006526443185281505,2020-12-28,J06000174
0.5630625911915277,0.5787313,-0.01566870725512759,2020-12-30,J06000174
0.5470574885345519,0.58525175,-0.03819426002730719,2021-01-03,J06000174
0.5402733114405421,0.56468385,-0.0244105431393834,2021-01-04,J06000174
0.5263785032027886,0.5772,-0.05082149231494215,2021-01-06,J06000174
0.5267713565668697,0.54774314,-0.020971785084283878,2021-01-08,J06000174
0.5414137791823911,0.54471713,-0.003303353862805447,2021-01-10,J06000174
0.5485539291560074,0.5113065,0.037247404879274026,2021-01-11,J06000174
0.5624914253238104,0.54795986,0.014531561184253472,2021-01-13,J06000174
0.5558436866515409,0.58374804,-0.02790435593192464,2021-01-15,J06000174
0.5276206305504472,0.58646876,-0.05884812564843589,2021-01-17,J06000174
0.5127901185634092,0.56954235,-0.05675222982144801,2021-01-18,J06000174
0.4815174451326175,0.5685232,-0.08700578303587003,2021-01-20,J06000174
0.4560300291701065,0.5570352,-0.1010051785783066,2021-01-22,J06000174
0.4375271842037156,0.49557173,-0.058044548317341516,2021-01-24,J06000174
0.4279714983297599,0.4899238,-0.061952306668637935,2021-01-25,J06000174
0.4082052566740466,0.42831412,-0.020108862903361224,2021-01-27,J06000174
0.3894854673742144,0.4356369,-0.046151440441718816,2021-01-29,J06000174
0.3719933987496913,0.41320878,-0.041215383923190796,2021-01-31,J06000174
0.3629758701399831,0.38084728,-0.01787140511712748,2021-02-01,J06000174
0.344358885923968,0.37932187,-0.03496298726405078,2021-02-03,J06000174
0.3241502607370728,0.33940756,-0.015257302472460876,2021-02-05,J06000174
0.3021581765433421,0.3149342,-0.012776017544640084,2021-02-07,J06000174
0.2907299078946024,0.2993723,-0.008642377709874527,2021-02-08,J06000174
0.2669295811309162,0.26448533,0.00244425174134405,2021-02-10,J06000174
0.63240798854932,0.6676809,-0.03527293062105963,2020-12-28,J06000175
0.5578921951162369,0.6543583,-0.09646613227252654,2021-01-03,J06000175
0.5388745990048021,0.6307916,-0.09191700551408832,2021-01-04,J06000175
0.4981425780586503,0.5854497,-0.0873071175285079,2021-01-06,J06000175
0.4862215696846198,0.5608579,-0.07463632235181816,2021-01-08,J06000175
0.5055064103568766,0.56300515,-0.057498739007594835,2021-01-10,J06000175
0.5148369273587958,0.49756196,0.017274965946366017,2021-01-11,J06000175
0.5329172947828937,0.53788644,-0.004969145971043032,2021-01-13,J06000175
0.5474874694834285,0.54902285,-0.0015353838910526774,2021-01-15,J06000175
0.5588690649772443,0.5525526,0.006316484143809253,2021-01-17,J06000175
0.5644499279792572,0.58993745,-0.02548752052232972,2021-01-18,J06000175
0.5754010059035829,0.58282435,-0.0074233434997984515,2021-01-20,J06000175
0.5677374568709753,0.5980218,-0.03028434841543215,2021-01-22,J06000175
0.5404266421727933,0.60123545,-0.060808807141324084,2021-01-24,J06000175
0.5260989656135892,0.5796021,-0.05350315669323458,2021-01-25,J06000175
0.4959425112256387,0.580795,-0.08485247883707492,2021-01-27,J06000175
0.4355608167862133,0.52492094,-0.08936012361295664,2021-01-31,J06000175
0.4196607291189229,0.501598,-0.08193727140750534,2021-02-01,J06000175
0.3859998421399852,0.44958454,-0.06358470156500134,2021-02-03,J06000175
0.3530540290670904,0.43684348,-0.08378945557303108,2021-02-05,J06000175
0.3212179545784104,0.40807334,-0.08685538130759118,2021-02-07,J06000175
0.3043797140939772,0.38704827,-0.08266856018466356,2021-02-08,J06000175
0.2686083116025899,0.33938304,-0.07077472429561871,2021-02-10,J06000175
0.7191077882160659,0.70707494,0.012032848011445552,2020-12-27,J06000176
0.7243419986704733,0.70746917,0.016872833345308536,2020-12-28,J06000176
0.7346248867962498,0.7043831,0.03024181155897565,2020-12-30,J06000176
0.7732234369634384,0.7076453,0.06557813991296235,2021-01-03,J06000176
0.7838536222390539,0.69125646,0.09259715871137442,2021-01-04,J06000176
0.8043638787226088,0.70354885,0.10081503009361104,2021-01-06,J06000176
0.8278100937495388,0.70479125,0.1230188459048428,2021-01-08,J06000176
0.8536918408463302,0.70146525,0.15222659178474574,2021-01-10,J06000176
0.8660763842308248,0.7049374,0.16113898579713948,2021-01-11,J06000176
0.8898338203692849,0.70156735,0.18826646855120022,2021-01-13,J06000176
0.8733033350856562,0.7051712,0.168132107630517,2021-01-15,J06000176
0.8113762613976622,0.70128036,0.11009590594417096,2021-01-17,J06000176
0.7767521188005875,0.6851524,0.09159970733971101,2021-01-18,J06000176
0.6979293732971291,0.6844016,0.01352780154648825,2021-01-20,J06000176
0.6389947554744231,0.6884817,-0.0494869330250276,2021-01-22,J06000176
0.6108516060701888,0.68583673,-0.07498512631735388,2021-01-24,J06000176
0.5960652048636736,0.68333143,-0.08726622509466986,2021-01-25,J06000176
0.5648906173877933,0.68357587,-0.11868525121877405,2021-01-27,J06000176
0.5374297437340129,0.6443895,-0.10695976642071126,2021-01-29,J06000176
0.5145738244576168,0.6273012,-0.11272739166787149,2021-01-31,J06000176
0.502678373106305,0.5829759,-0.08029755090874013,2021-02-01,J06000176
0.4778629988027746,0.5609957,-0.08313269917238408,2021-02-03,J06000176
0.4519609625555262,0.50754017,-0.05557920382249504,2021-02-05,J06000176
0.4248601294707779,0.5005809,-0.07572077739720307,2021-02-07,J06000176
0.4106479648894289,0.4796202,-0.06897222358522626,2021-02-08,J06000176
0.3807473428570299,0.41851112,-0.03776377960810379,2021-02-10,J06000176
0.4769977158472942,0.4988406,-0.021842884404857266,2020-12-27,J06000177
0.4770285342927441,0.4729786,0.004049942373798798,2020-12-28,J06000177
0.4770901646235955,0.4793442,-0.0022540245434272133,2020-12-30,J06000177
0.4797646427904405,0.4515815,0.028183134869221638,2021-01-03,J06000177
0.4806423007817358,0.47704816,0.0035941421361059267,2021-01-04,J06000177
0.4823923136889553,0.47796455,0.004427763432226173,2021-01-06,J06000177
0.4862682356900839,0.4797698,0.006498439557042546,2021-01-08,J06000177
0.4922137335412138,0.48358387,0.008629865991317542,2021-01-10,J06000177
0.4951562357094219,0.4652796,0.029876626744501866,2021-01-11,J06000177
0.5009820975285733,0.49035102,0.010631076238747816,2021-01-13,J06000177
0.505603264416476,0.5184758,-0.012872506533841421,2021-01-15,J06000177
0.5090571197542128,0.52993995,-0.02088282975826894,2021-01-17,J06000177
0.5107738013103187,0.51542896,-0.004655159013015053,2021-01-18,J06000177
0.5141869404381353,0.53491247,-0.020725526564733365,2021-01-20,J06000177
0.4980378626564786,0.54003745,-0.04199959051811247,2021-01-22,J06000177
0.45998356246152,0.5269235,-0.06693991518816872,2021-01-24,J06000177
0.4396282523043482,0.48265582,-0.0430275709263952,2021-01-25,J06000177
0.3958105301851507,0.48801845,-0.09220792293603458,2021-01-27,J06000177
0.3704881010797576,0.45677498,-0.0862868787500306,2021-01-29,J06000177
0.3671977959129079,0.4238999,-0.05670209307940166,2021-01-31,J06000177
0.3655432478540372,0.39705482,-0.031511573398785686,2021-02-01,J06000177
0.3622151206298996,0.38050383,-0.018288712664015216,2021-02-03,J06000177
0.3442838666178901,0.35529158,-0.01100770857551503,2021-02-05,J06000177
0.3098204997851001,0.3309027,-0.02108219587072263,2021-02-07,J06000177
0.2915058559553616,0.29952905,-0.008023189864874603,2021-02-08,J06000177
0.2523828099977469,0.29924014,-0.04685733210926296,2021-02-10,J06000177
0.5895840752745086,0.64775825,-0.058174170193631025,2020-12-27,J06000178
0.5794097813783374,0.6346856,-0.05527579458372922,2020-12-28,J06000178
0.5583169398761308,0.6313102,-0.07299328465695021,2020-12-30,J06000178
0.5578077932317154,0.6092025,-0.051394710926304654,2021-01-03,J06000178
0.5612309200944844,0.57596415,-0.014733232718473377,2021-01-04,J06000178
0.5679972782099435,0.58360654,-0.015609262946825297,2021-01-06,J06000178
0.5736697216228687,0.574401,-0.0007312993808544777,2021-01-08,J06000178
0.5782893848960806,0.59665036,-0.018360977118689892,2021-01-10,J06000178
0.5805809187123169,0.5861877,-0.005606801586450216,2021-01-11,J06000178
0.5851280287534797,0.6012523,-0.016124288675109177,2021-01-13,J06000178
0.5836102521033907,0.61666733,-0.033057078161654485,2021-01-15,J06000178
0.5759632330958478,0.61341566,-0.03745242537812066,2021-01-17,J06000178
0.5720886305920669,0.6079089,-0.03582027396039278,2021-01-18,J06000178
0.5642341546990585,0.61214256,-0.04790840816715247,2021-01-20,J06000178
0.5464423712141322,0.61456066,-0.06811829248597157,2021-01-22,J06000178
0.5174293672800121,0.59367925,-0.07624988200663951,2021-01-24,J06000178
0.5021621028164727,0.5640291,-0.061866994740595205,2021-01-25,J06000178
0.4699165179307226,0.5494491,-0.07953256825854743,2021-01-27,J06000178
0.448293744248474,0.5365394,-0.08824563153353893,2021-01-29,J06000178
0.4390371943253598,0.4950191,-0.05598191373166228,2021-01-31,J06000178
0.4343338671671382,0.49699524,-0.06266137328276722,2021-02-01,J06000178
0.4247715898065474,0.42749918,-0.002727585265168919,2021-02-03,J06000178
0.3981949717495193,0.4409248,-0.042729821732307494,2021-02-05,J06000178
0.3512075466668574,0.4179094,-0.06670186690926871,2021-02-07,J06000178
0.3256588415912069,0.37015742,-0.044498579044016495,2021-02-08,J06000178
0.2695559323623154,0.36030442,-0.09074848286366727,2021-02-10,J06000178
0.5881771915198716,0.5768981,0.011279093527928219,2020-12-27,J06000179
0.6023288099874151,0.5961595,0.006169292222369949,2020-12-28,J06000179
0.6293195173914361,0.6120826,0.017236916797869206,2020-12-30,J06000179
0.5956028303916334,0.65041524,-0.054812411326658816,2021-01-03,J06000179
0.5788848505503809,0.62473184,-0.04584698815277466,2021-01-04,J06000179
0.5433848214978863,0.6191967,-0.07581189147284739,2021-01-06,J06000179
0.525937772481604,0.5909896,-0.0650518172095581,2021-01-08,J06000179
0.5288312472305993,0.58588463,-0.05705338344948496,2021-01-10,J06000179
0.5302707874327586,0.5558092,-0.025538412377269504,2021-01-11,J06000179
0.5331356316609706,0.52576953,0.007366099934133397,2021-01-13,J06000179
0.527346661745355,0.53514844,-0.007801780046179374,2021-01-15,J06000179
0.5125481935768887,0.5199379,-0.007389679309768971,2021-01-17,J06000179
0.5049554655342444,0.51265466,-0.007699196598018765,2021-01-18,J06000179
0.4893597882911955,0.52659756,-0.03723777116086141,2021-01-20,J06000179
0.4687501876462041,0.5162821,-0.04753189395779983,2021-01-22,J06000179
0.4424049255564893,0.48717752,-0.0447725954338824,2021-01-24,J06000179
0.4286076892863313,0.49071246,-0.0621047745694121,2021-01-25,J06000179
0.3996242370356533,0.4303977,-0.030773452306845472,2021-01-27,J06000179
0.3721447056734754,0.43258125,-0.06043654022572503,2021-01-29,J06000179
0.3466033177217779,0.41194898,-0.06534566117913154,2021-01-31,J06000179
0.3332463103535576,0.3827923,-0.049545983671863525,2021-02-01,J06000179
0.3052328855788316,0.36658788,-0.06135499169472797,2021-02-03,J06000179
0.27548072755798,0.30796936,-0.03248863398567542,2021-02-05,J06000179
0.2437477131014361,0.2885578,-0.04481008456892829,2021-02-07,J06000179
0.2269671033639095,0.2448377,-0.017870597956738704,2021-02-08,J06000179
0.1913257777286308,0.23557787,-0.04425208870642017,2021-02-10,J06000179
0.5561735691012957,0.4619458,0.09422776712795278,2020-12-30,J06000180
0.5673538440702679,0.5800745,-0.012720645046400803,2021-01-03,J06000180
0.5685835075122412,0.56373966,0.004843850110202608,2021-01-04,J06000180
0.571032438405001,0.60045254,-0.029420103899991723,2021-01-06,J06000180
0.5801039527755978,0.5934028,-0.013298850168585563,2021-01-08,J06000180
0.5953948760083093,0.61146927,-0.01607439279051881,2021-01-10,J06000180
0.6028430748249544,0.6037637,-0.0009206247066008144,2021-01-11,J06000180
0.6173668775211282,0.63107985,-0.013712975059895993,2021-01-13,J06000180
0.609642982024645,0.6548228,-0.045179844360853094,2021-01-15,J06000180
0.5784212035505454,0.6444497,-0.06602850729540188,2021-01-17,J06000180
0.5619261599180372,0.6333125,-0.07138636344698357,2021-01-18,J06000180
0.5269285497082657,0.6376155,-0.11068695217238,2021-01-20,J06000180
0.5033598985626414,0.6202512,-0.11689128017881367,2021-01-22,J06000180
0.493283054335453,0.5950034,-0.10172037173952869,2021-01-24,J06000180
0.4881555748561248,0.53900623,-0.05085065835920721,2021-01-25,J06000180
0.4777153502082965,0.51449156,-0.0367762078666547,2021-01-27,J06000180
0.4561129063460403,0.4645954,-0.008482500901503043,2021-01-31,J06000180
0.4505453975920631,0.4442796,0.0062657864813758235,2021-02-01,J06000180
0.4391915730861865,0.4422927,-0.0031011171909131052,2021-02-03,J06000180
0.4140023725960909,0.45326793,-0.03926555934208048,2021-02-05,J06000180
0.3723937594682116,0.4248189,-0.052425143739567304,2021-02-07,J06000180
0.3499923047403624,0.41733164,-0.06733933121163344,2021-02-08,J06000180
0.3013932241691143,0.3973089,-0.09591566188206369,2021-02-10,J06000180
0.8074966502340479,0.71532446,0.0921721887739344,2020-12-30,J06000181
0.7718043107347614,0.70649135,0.0653129596071369,2021-01-03,J06000181
0.7565371434177266,0.6831207,0.0734164158786641,2021-01-04,J06000181
0.7242917752873476,0.69957954,0.024712238372522122,2021-01-06,J06000181
0.6942636755466263,0.70556486,-0.011301180982609571,2021-01-08,J06000181
0.6671206508003534,0.70552903,-0.0384083833373724,2021-01-10,J06000181
0.6528852833158253,0.671949,-0.019063745652985742,2021-01-11,J06000181
0.6229332897656602,0.6974238,-0.07449052596157368,2021-01-13,J06000181
0.6082653658872863,0.6970812,-0.08881584234177864,2021-01-15,J06000181
0.6104969455321945,0.6824105,-0.07191353305972448,2021-01-17,J06000181
0.6116084500004911,0.6595625,-0.0479540781329012,2021-01-18,J06000181
0.6138229610361489,0.65817374,-0.04435077887397687,2021-01-20,J06000181
0.6000850640118145,0.66450334,-0.0644182719409443,2021-01-22,J06000181
0.5687892148125462,0.6609914,-0.09220215586540181,2021-01-24,J06000181
0.5522528292136395,0.63893557,-0.08668273673484683,2021-01-25,J06000181
0.5171621122891378,0.6319767,-0.1148146113818217,2021-01-27,J06000181
0.498263248897325,0.585556,-0.08729272177146774,2021-01-31,J06000181
0.4981866848495954,0.53460103,-0.03641434788432185,2021-02-01,J06000181
0.4980335162486038,0.5381299,-0.040096409479240425,2021-02-03,J06000181
0.4730992805926236,0.49249747,-0.019398193362530847,2021-02-05,J06000181
0.4186598936944178,0.4726967,-0.054036798057062296,2021-02-07,J06000181
0.3886470443205705,0.44208774,-0.05344069538546892,2021-02-08,J06000181
0.3215761648841063,0.44148442,-0.11990825660751664,2021-02-10,J06000181
0.5869388060992909,0.56186706,0.025071747822160817,2020-12-30,J06000182
0.5721992219844588,0.6153799,-0.043180707558082676,2021-01-03,J06000182
0.5654442247718838,0.5913777,-0.025933450761410848,2021-01-04,J06000182
0.5516106159552179,0.6164979,-0.06488725830473085,2021-01-06,J06000182
0.5465540025240402,0.5905852,-0.0440311696523209,2021-01-08,J06000182
0.5505838226812686,0.59482694,-0.04424311404053316,2021-01-10,J06000182
0.5525847966832884,0.5615618,-0.008977026207946937,2021-01-11,J06000182
0.5565592973388924,0.5582877,-0.0017283828101859466,2021-01-13,J06000182
0.5452695382181924,0.57832533,-0.03305579299289774,2021-01-15,J06000182
0.5174618533213493,0.57110673,-0.05364487857028277,2021-01-17,J06000182
0.5028605007489695,0.56205416,-0.05919365650811059,2021-01-18,J06000182
0.4720970428924506,0.54636025,-0.07426321139526915,2021-01-20,J06000182
0.4514600633897758,0.5155362,-0.06407612568950888,2021-01-22,J06000182
0.4425291844810701,0.49638554,-0.05385636005742783,2021-01-24,J06000182
0.4379939164604881,0.46532458,-0.027330664208915,2021-01-25,J06000182
0.4287787754751364,0.42661256,0.0021662194944540025,2021-01-27,J06000182
0.3962485661688201,0.44541696,-0.04916839097114878,2021-01-31,J06000182
0.3865543329091638,0.40570858,-0.01915424830001894,2021-02-01,J06000182
0.3664914935223263,0.3801818,-0.013690295875867065,2021-02-03,J06000182
0.3388248939247818,0.4168894,-0.07806450536530302,2021-02-05,J06000182
0.3020623227569626,0.37470326,-0.07264093551902312,2021-02-07,J06000182
0.2824441300936345,0.32284963,-0.04040550121587477,2021-02-08,J06000182
0.2403306013167898,0.29920003,-0.058869426864286256,2021-02-10,J06000182
0.6577187494495521,0.66338146,-0.0056627078792442775,2020-12-30,J06000183
0.6491996458870177,0.68599254,-0.03679289304196787,2021-01-03,J06000183
0.6450353685780322,0.67039096,-0.025355594976350093,2021-01-04,J06000183
0.6365850761969769,0.68414754,-0.04756246055763125,2021-01-06,J06000183
0.6189971378356711,0.67404974,-0.055052597233603784,2021-01-08,J06000183
0.5911083854395387,0.67842317,-0.08731478083548572,2021-01-10,J06000183
0.5764623348043485,0.62878346,-0.0523211296274142,2021-01-11,J06000183
0.5455996212416342,0.6311163,-0.08551664977734774,2021-01-13,J06000183
0.5342003859157304,0.62272006,-0.08851967681696615,2021-01-15,J06000183
0.5438289879673485,0.5891225,-0.04529348622622453,2021-01-17,J06000183
0.5485644022227613,0.57066905,-0.022104652762285126,2021-01-18,J06000183
0.5578830895971778,0.552477,0.005406087453317943,2021-01-20,J06000183
0.5541320178869099,0.58761674,-0.03348472377034717,2021-01-22,J06000183
0.5369630425846411,0.59337574,-0.05641269985081421,2021-01-24,J06000183
0.5281171309471768,0.55988145,-0.03176431779855071,2021-01-25,J06000183
0.5098657046083751,0.5709276,-0.06106191532570693,2021-01-27,J06000183
0.4795885552640982,0.51828444,-0.038695884776490164,2021-01-31,J06000183
0.4724080633712353,0.49127334,-0.018865280191844525,2021-02-01,J06000183
0.4576807946883583,0.49439713,-0.03671633890043258,2021-02-03,J06000183
0.4327200526802354,0.4588596,-0.02613953999592733,2021-02-05,J06000183
0.3956653125616927,0.44018266,-0.04451734348803571,2021-02-07,J06000183
0.3758806965978589,0.41356865,-0.03768794911785461,2021-02-08,J06000183
0.3333832387372143,0.4106185,-0.07723527508534123,2021-02-10,J06000183
0.4882295682211549,0.47825983,0.009969736554208464,2020-12-27,J06000184
0.4976098517981794,0.49255267,0.005057183941962973,2020-12-28,J06000184
0.5157836489894209,0.5066099,0.009173732302409143,2020-12-30,J06000184
0.5159893427580586,0.5228014,-0.006812056472898398,2021-01-03,J06000184
0.513083128610853,0.5136507,-0.0005675867402517021,2021-01-04,J06000184
0.5072116979895326,0.5434794,-0.03626768500225819,2021-01-06,J06000184
0.5019871525520946,0.54090494,-0.038917786622557515,2021-01-08,J06000184
0.4974340150427919,0.53679144,-0.03935742878197618,2021-01-10,J06000184
0.4951394196289034,0.49628913,-0.0011497143966703316,2021-01-11,J06000184
0.4905135348722374,0.5203396,-0.029826073320206425,2021-01-13,J06000184
0.4799195871430973,0.5140562,-0.034136618606414426,2021-01-15,J06000184
0.4629077226794319,0.4692062,-0.006298491271678919,2021-01-17,J06000184
0.4541451927512015,0.44429463,0.009850561270030866,2021-01-18,J06000184
0.436071213023918,0.4463534,-0.010282192690117042,2021-01-20,J06000184
0.4206900961117313,0.4492823,-0.028592192439599262,2021-01-22,J06000184
0.4083228787618165,0.42558452,-0.017261646108102324,2021-01-24,J06000184
0.4020046467968672,0.42880967,-0.02680502579720323,2021-01-25,J06000184
0.3890855532782596,0.39890933,-0.009823777089782382,2021-01-27,J06000184
0.3772184620271346,0.40754098,-0.03032251497405558,2021-01-29,J06000184
0.3665023339901204,0.40002644,-0.033524106630301975,2021-01-31,J06000184
0.3610434538234625,0.38352787,-0.02248442112313176,2021-02-01,J06000184
0.3499154315552822,0.35383007,-0.003914637748230365,2021-02-03,J06000184
0.3315188287666022,0.33282137,-0.0013025404045403643,2021-02-05,J06000184
0.3048951337547235,0.3169558,-0.01206067107010561,2021-02-07,J06000184
0.2909451237494876,0.29446486,-0.0035197326366970816,2021-02-08,J06000184
0.2616243030664178,0.28732425,-0.025699946677997465,2021-02-10,J06000184
0.5579156175943369,0.5760053,-0.01808966242351584,2020-12-30,J06000185
0.5326971766147756,0.58429277,-0.05159559281729231,2021-01-03,J06000185
0.5244435420257104,0.55859256,-0.034149015881394074,2021-01-04,J06000185
0.5074502497285054,0.5822202,-0.0747699469954326,2021-01-06,J06000185
0.4941026006427356,0.5380946,-0.04399197953075684,2021-01-08,J06000185
0.4847641831491895,0.5316215,-0.0468573326016955,2021-01-10,J06000185
0.4800185790207245,0.4846412,-0.004622615322842416,2021-01-11,J06000185
0.4703689111469569,0.49997815,-0.029609243750732928,2021-01-13,J06000185
0.4802395001558096,0.47043723,0.009802271476152591,2021-01-15,J06000185
0.5083656803235256,0.4620199,0.046345789776726876,2021-01-17,J06000185
0.5217739330927285,0.50550145,0.01627248398460468,2021-01-18,J06000185
0.5474090155288077,0.5517266,-0.004317564137329977,2021-01-20,J06000185
0.5596901267540331,0.57238317,-0.012693038605464002,2021-01-22,J06000185
0.559709216032134,0.5935617,-0.03385249289502057,2021-01-24,J06000185
0.5597187603565449,0.5695772,-0.009858456745505895,2021-01-25,J06000185
0.5597378483761339,0.5845489,-0.024811042214533785,2021-01-27,J06000185
0.5396312697586354,0.58755946,-0.04792819183499253,2021-01-31,J06000185
0.5327133701545683,0.5589495,-0.02623610036545121,2021-02-01,J06000185
0.5185379405942927,0.58461326,-0.06607532301273245,2021-02-03,J06000185
0.4901320821675839,0.53132236,-0.04119027787117341,2021-02-05,J06000185
0.4444877972096763,0.5167612,-0.0722733865290322,2021-02-07,J06000185
0.419730791233903,0.48066983,-0.06093903503524678,2021-02-08,J06000185
0.365532873879631,0.48441198,-0.11887911080245211,2021-02-10,J06000185
0.6102277499080517,0.59386367,0.01636408385046506,2020-12-28,J06000186
0.6239412092954754,0.662951,-0.03900978328875315,2020-12-30,J06000186
0.5638540568825106,0.6530922,-0.08923814864193402,2021-01-03,J06000186
0.53909713880978,0.61761606,-0.078518918586155,2021-01-04,J06000186
0.4848994323128258,0.6230578,-0.1381583503371681,2021-01-06,J06000186
0.4597680052045308,0.557853,-0.09808497827020063,2021-01-08,J06000186
0.4690853269160685,0.5578608,-0.0887754647671285,2021-01-10,J06000186
0.4736700844001565,0.47495908,-0.0012889910507407065,2021-01-11,J06000186
0.4826969042288689,0.46082377,0.02187312989110035,2021-01-13,J06000186
0.4818763619712045,0.47476178,0.007114577894513807,2021-01-15,J06000186
0.4711518431582174,0.46793887,0.0032129729666433016,2021-01-17,J06000186
0.4656886083389889,0.4571165,0.0085720938946377,2021-01-18,J06000186
0.454551537559972,0.46933007,-0.014778534842982083,2021-01-20,J06000186
0.441944249360427,0.4519801,-0.01003586462272732,2021-01-22,J06000186
0.4277438563812327,0.44603068,-0.01828681998366599,2021-01-24,J06000186
0.4204656573498074,0.43036616,-0.0099005011356052,2021-01-25,J06000186
0.4055327921751755,0.42700323,-0.021470442449687155,2021-01-27,J06000186
0.3520073288723267,0.42028403,-0.06827670394932855,2021-01-31,J06000186
0.3355767236766955,0.37370166,-0.038124938148484555,2021-02-01,J06000186
0.3007241785506659,0.36424103,-0.06351685524182982,2021-02-03,J06000186
0.2718020522944169,0.2991981,-0.027396038735703954,2021-02-05,J06000186
0.2502504086096495,0.29204294,-0.04179253224537677,2021-02-07,J06000186
0.2390597903779407,0.24565274,-0.006592944855366184,2021-02-08,J06000186
0.215774479729332,0.20831701,0.007457468134559664,2021-02-10,J06000186
0.5867237837607211,0.5801731,0.006550708561593899,2020-12-28,J06000187
0.5960434140363461,0.6233533,-0.027309888442444197,2020-12-30,J06000187
0.5431451990344965,0.62266165,-0.07951645114632011,2021-01-03,J06000187
0.522158876426426,0.5849498,-0.062790915005001,2021-01-04,J06000187
0.4768746290151533,0.58745444,-0.11057980919438037,2021-01-06,J06000187
0.4562764634748423,0.52209073,-0.06581426957645775,2021-01-08,J06000187
0.4640649981719762,0.50871634,-0.044651346661397806,2021-01-10,J06000187
0.4679075049822808,0.474353,-0.006445480638217871,2021-01-11,J06000187
0.475492006368692,0.4538727,0.0216192959023071,2021-01-13,J06000187
0.4756640859192773,0.4643126,0.011351472908870786,2021-01-15,J06000187
0.4684326248808248,0.47111934,-0.002686719353641731,2021-01-17,J06000187
0.4647712330146269,0.45013207,0.014639161042733606,2021-01-18,J06000187
0.4573545235371331,0.45443633,0.0029181915497520916,2021-01-20,J06000187
0.4432350248762799,0.45340806,-0.010173037581758415,2021-01-22,J06000187
0.4217361056727694,0.44336018,-0.021624073989935044,2021-01-24,J06000187
0.4105739113633913,0.42494723,-0.014373320644589072,2021-01-25,J06000187
0.3873501389377393,0.41722748,-0.02987733789751157,2021-01-27,J06000187
0.3760103050762552,0.43099967,-0.05498936137615262,2021-01-29,J06000187
0.3775163719310608,0.4024574,-0.02494101432420348,2021-01-31,J06000187
0.3782674513220874,0.37958297,-0.0013155200123700084,2021-02-01,J06000187
0.3797657244957274,0.37247083,0.0072948985851591375,2021-02-03,J06000187
0.3669932092024538,0.3823315,-0.01533828131420878,2021-02-05,J06000187
0.3386216246900227,0.37577093,-0.03714930178550219,2021-02-07,J06000187
0.3237090872973677,0.34282994,-0.019120855405879378,2021-02-08,J06000187
0.2922539344777971,0.3332977,-0.04104376521206804,2021-02-10,J06000187
0.5650150838050619,0.51950294,0.045512146011330246,2020-12-30,J06000188
0.5585912644210851,0.58631563,-0.02772436744536999,2021-01-03,J06000188
0.5532648784364175,0.56617457,-0.012909688309340583,2021-01-04,J06000188
0.5424120317325947,0.58948475,-0.047072719491923154,2021-01-06,J06000188
0.5354256175995034,0.5893273,-0.053901658153517884,2021-01-08,J06000188
0.532497752505923,0.5985139,-0.06601614872775008,2021-01-10,J06000188
0.5310263845363489,0.5630841,-0.032057740982449956,2021-01-11,J06000188
0.5280686088579265,0.52864593,-0.0005773238164814565,2021-01-13,J06000188
0.5181475948278033,0.53599745,-0.01784985552391183,2021-01-15,J06000188
0.5007705905918621,0.5287785,-0.028007902812526297,2021-01-17,J06000188
0.4918142029675518,0.5093691,-0.01755487233075753,2021-01-18,J06000188
0.473327505794437,0.5227181,-0.04939056614312404,2021-01-20,J06000188
0.4590820690037291,0.51507276,-0.055990693962426896,2021-01-22,J06000188
0.449530050452684,0.48818362,-0.038653567139173894,2021-01-24,J06000188
0.4446740843631225,0.4407391,0.003934989152093449,2021-01-25,J06000188
0.434796164810905,0.4450365,-0.010240335881462559,2021-01-27,J06000188
0.3889484313804139,0.45422426,-0.06527582728085624,2021-01-31,J06000188
0.3744409817865899,0.42116392,-0.04672293480123968,2021-02-01,J06000188
0.3438859360702149,0.38601896,-0.042133025597799634,2021-02-03,J06000188
0.3118527405052773,0.3629722,-0.05111945941156232,2021-02-05,J06000188
0.2781701037433211,0.34279865,-0.06462854652141892,2021-02-07,J06000188
0.2602956482214649,0.2985236,-0.03822795664837764,2021-02-08,J06000188
0.2221757950943196,0.2571121,-0.034936290724924796,2021-02-10,J06000188
0.6010301325018919,0.63586867,-0.03483853605432152,2020-12-30,J06000189
0.5607646391507431,0.63401455,-0.07324990772044215,2021-01-03,J06000189
0.5469008163889274,0.6014097,-0.054508857301868496,2021-01-04,J06000189
0.5177703687848692,0.59995896,-0.08218858745673852,2021-01-06,J06000189
0.510902172161506,0.5711258,-0.06022363321645419,2021-01-08,J06000189
0.5273510224717644,0.5684734,-0.04112237621369097,2021-01-10,J06000189
0.5353475728095931,0.53295356,0.002394012457267669,2021-01-11,J06000189
0.5509120680654602,0.5388808,0.012031243022735616,2021-01-13,J06000189
0.5726259824643553,0.56710017,0.005525815189880157,2021-01-15,J06000189
0.5995882157285999,0.6078547,-0.008266508201759004,2021-01-17,J06000189
0.6124665418236798,0.6248928,-0.012426229420369306,2021-01-18,J06000189
0.6371312203383561,0.64480156,-0.0076703367257002775,2021-01-20,J06000189
0.6263300439793339,0.6617362,-0.035406146339727385,2021-01-22,J06000189
0.5771984204195878,0.6746974,-0.0974989787198165,2021-01-24,J06000189
0.5503777376608374,0.6409592,-0.0905814655824182,2021-01-25,J06000189
0.4911892319514223,0.6321652,-0.14097596160631698,2021-01-27,J06000189
0.4452289954533724,0.623038,-0.17780899845455606,2021-01-29,J06000189
0.4179174768923347,0.58008313,-0.16216565489782642,2021-01-31,J06000189
0.4035894129889028,0.52676356,-0.12317414539885357,2021-02-01,J06000189
0.3734321003548539,0.43951738,-0.06608527845221396,2021-02-03,J06000189
0.3456401643911101,0.41270027,-0.06706010125487072,2021-02-05,J06000189
0.3208370809546226,0.3788539,-0.05801680636494222,2021-02-07,J06000189
0.3078832853579695,0.36201257,-0.05412927977798632,2021-02-08,J06000189
0.2807555656158754,0.28870535,-0.007949783352630468,2021-02-10,J06000189
0.6955954032210833,0.5248882,0.17070718577189503,2020-12-30,J06000190
0.6893602622586446,0.7080622,-0.018701909677390605,2021-01-03,J06000190
0.6794255450088812,0.69572127,-0.016295723644988436,2021-01-04,J06000190
0.6588471788510536,0.7049134,-0.046066198910787226,2021-01-06,J06000190
0.6552400328498784,0.7036701,-0.04843005162659253,2021-01-08,J06000190
0.6690240769676284,0.7123681,-0.043343994111625705,2021-01-10,J06000190
0.6757554372827171,0.69008446,-0.014329020114743796,2021-01-11,J06000190
0.6889130197321693,0.7088329,-0.019919899865456392,2021-01-13,J06000190
0.677013022490523,0.71528995,-0.0382769278802656,2021-01-15,J06000190
0.6378497581775898,0.7112536,-0.07340382525365408,2021-01-17,J06000190
0.616858869137125,0.68516254,-0.06830367511336333,2021-01-18,J06000190
0.5715639831082064,0.702568,-0.13100401148636753,2021-01-20,J06000190
0.5439347538164241,0.7070364,-0.1631016221830266,2021-01-22,J06000190
0.5377134741738803,0.6611406,-0.12342714653458531,2021-01-24,J06000190
0.5345690920180238,0.62006503,-0.0854959414177977,2021-01-25,J06000190
0.5282111944175625,0.5807784,-0.052567225553903585,2021-01-27,J06000190
0.5112628161890137,0.5327303,-0.021467465163983124,2021-01-29,J06000190
0.4824184963100069,0.53412277,-0.05170426875423262,2021-01-31,J06000190
0.4672445988200863,0.50271326,-0.03546866421473427,2021-02-01,J06000190
0.4352072640805584,0.5000373,-0.06483004842707102,2021-02-03,J06000190
0.401315531263616,0.5001051,-0.09878955172512299,2021-02-05,J06000190
0.3653123088572743,0.4414583,-0.07614600579993702,2021-02-07,J06000190
0.3461258306217689,0.4240459,-0.07792005994791801,2021-02-08,J06000190
0.3050059794617195,0.3705439,-0.06553791769022754,2021-02-10,J06000190
